Channel,Promo,Pass
Mail,Bundle,YesPass
Mail,Bundle,YesPass
Mail,Bundle,YesPass
Mail,Bundle,YesPass
Mail,Bundle,YesPass
Mail,Bundle,YesPass
Mail,Bundle,YesPass
Mail,Bundle,YesPass
Mail,Bundle,YesPass
Mail,Bundle,YesPass
Mail,Bundle,YesPass
Mail,Bundle,YesPass
Mail,Bundle,YesPass
Mail,Bundle,YesPass
Mail,Bundle,YesPass
Mail,Bundle,YesPass
Mail,Bundle,YesPass
Mail,Bundle,YesPass
Mail,Bundle,YesPass
Mail,Bundle,YesPass
Mail,Bundle,YesPass
Mail,Bundle,YesPass
Mail,Bundle,YesPass
Mail,Bundle,YesPass
Mail,Bundle,YesPass
Mail,Bundle,YesPass
Mail,Bundle,YesPass
Mail,Bundle,YesPass
Mail,Bundle,YesPass
Mail,Bundle,YesPass
Mail,Bundle,YesPass
Mail,Bundle,YesPass
Mail,Bundle,YesPass
Mail,Bundle,YesPass
Mail,Bundle,YesPass
Mail,Bundle,YesPass
Mail,Bundle,YesPass
Mail,Bundle,YesPass
Mail,Bundle,YesPass
Mail,Bundle,YesPass
Mail,Bundle,YesPass
Mail,Bundle,YesPass
Mail,Bundle,YesPass
Mail,Bundle,YesPass
Mail,Bundle,YesPass
Mail,Bundle,YesPass
Mail,Bundle,YesPass
Mail,Bundle,YesPass
Mail,Bundle,YesPass
Mail,Bundle,YesPass
Mail,Bundle,YesPass
Mail,Bundle,YesPass
Mail,Bundle,YesPass
Mail,Bundle,YesPass
Mail,Bundle,YesPass
Mail,Bundle,YesPass
Mail,Bundle,YesPass
Mail,Bundle,YesPass
Mail,Bundle,YesPass
Mail,Bundle,YesPass
Mail,Bundle,YesPass
Mail,Bundle,YesPass
Mail,Bundle,YesPass
Mail,Bundle,YesPass
Mail,Bundle,YesPass
Mail,Bundle,YesPass
Mail,Bundle,YesPass
Mail,Bundle,YesPass
Mail,Bundle,YesPass
Mail,Bundle,YesPass
Mail,Bundle,YesPass
Mail,Bundle,YesPass
Mail,Bundle,YesPass
Mail,Bundle,YesPass
Mail,Bundle,YesPass
Mail,Bundle,YesPass
Mail,Bundle,YesPass
Mail,Bundle,YesPass
Mail,Bundle,YesPass
Mail,Bundle,YesPass
Mail,Bundle,YesPass
Mail,Bundle,YesPass
Mail,Bundle,YesPass
Mail,Bundle,YesPass
Mail,Bundle,YesPass
Mail,Bundle,YesPass
Mail,Bundle,YesPass
Mail,Bundle,YesPass
Mail,Bundle,YesPass
Mail,Bundle,YesPass
Mail,Bundle,YesPass
Mail,Bundle,YesPass
Mail,Bundle,YesPass
Mail,Bundle,YesPass
Mail,Bundle,YesPass
Mail,Bundle,YesPass
Mail,Bundle,YesPass
Mail,Bundle,YesPass
Mail,Bundle,YesPass
Mail,Bundle,YesPass
Mail,Bundle,YesPass
Mail,Bundle,YesPass
Mail,Bundle,YesPass
Mail,Bundle,YesPass
Mail,Bundle,YesPass
Mail,Bundle,YesPass
Mail,Bundle,YesPass
Mail,Bundle,YesPass
Mail,Bundle,YesPass
Mail,Bundle,YesPass
Mail,Bundle,YesPass
Mail,Bundle,YesPass
Mail,Bundle,YesPass
Mail,Bundle,YesPass
Mail,Bundle,YesPass
Mail,Bundle,YesPass
Mail,Bundle,YesPass
Mail,Bundle,YesPass
Mail,Bundle,YesPass
Mail,Bundle,YesPass
Mail,Bundle,YesPass
Mail,Bundle,YesPass
Mail,Bundle,YesPass
Mail,Bundle,YesPass
Mail,Bundle,YesPass
Mail,Bundle,YesPass
Mail,Bundle,YesPass
Mail,Bundle,YesPass
Mail,Bundle,YesPass
Mail,Bundle,YesPass
Mail,Bundle,YesPass
Mail,Bundle,YesPass
Mail,Bundle,YesPass
Mail,Bundle,YesPass
Mail,Bundle,YesPass
Mail,Bundle,YesPass
Mail,Bundle,YesPass
Mail,Bundle,YesPass
Mail,Bundle,YesPass
Mail,Bundle,YesPass
Mail,Bundle,YesPass
Mail,Bundle,YesPass
Mail,Bundle,YesPass
Mail,Bundle,YesPass
Mail,Bundle,YesPass
Mail,Bundle,YesPass
Mail,Bundle,YesPass
Mail,Bundle,YesPass
Mail,Bundle,YesPass
Mail,Bundle,YesPass
Mail,Bundle,YesPass
Mail,Bundle,YesPass
Mail,Bundle,YesPass
Mail,Bundle,YesPass
Mail,Bundle,YesPass
Mail,Bundle,YesPass
Mail,Bundle,YesPass
Mail,Bundle,YesPass
Mail,Bundle,YesPass
Mail,Bundle,YesPass
Mail,Bundle,YesPass
Mail,Bundle,YesPass
Mail,Bundle,YesPass
Mail,Bundle,YesPass
Mail,Bundle,YesPass
Mail,Bundle,YesPass
Mail,Bundle,YesPass
Mail,Bundle,YesPass
Mail,Bundle,YesPass
Mail,Bundle,YesPass
Mail,Bundle,YesPass
Mail,Bundle,YesPass
Mail,Bundle,YesPass
Mail,Bundle,YesPass
Mail,Bundle,YesPass
Mail,Bundle,YesPass
Mail,Bundle,YesPass
Mail,Bundle,YesPass
Mail,Bundle,YesPass
Mail,Bundle,YesPass
Mail,Bundle,YesPass
Mail,Bundle,YesPass
Mail,Bundle,YesPass
Mail,Bundle,YesPass
Mail,Bundle,YesPass
Mail,Bundle,YesPass
Mail,Bundle,YesPass
Mail,Bundle,YesPass
Mail,Bundle,YesPass
Mail,Bundle,YesPass
Mail,Bundle,YesPass
Mail,Bundle,YesPass
Mail,Bundle,YesPass
Mail,Bundle,YesPass
Mail,Bundle,YesPass
Mail,Bundle,YesPass
Mail,Bundle,YesPass
Mail,Bundle,YesPass
Mail,Bundle,YesPass
Mail,Bundle,YesPass
Mail,Bundle,YesPass
Mail,Bundle,YesPass
Mail,Bundle,YesPass
Mail,Bundle,YesPass
Mail,Bundle,YesPass
Mail,Bundle,YesPass
Mail,Bundle,YesPass
Mail,Bundle,YesPass
Mail,Bundle,YesPass
Mail,Bundle,YesPass
Mail,Bundle,YesPass
Mail,Bundle,YesPass
Mail,Bundle,YesPass
Mail,Bundle,YesPass
Mail,Bundle,YesPass
Mail,Bundle,YesPass
Mail,Bundle,YesPass
Mail,Bundle,YesPass
Mail,Bundle,YesPass
Mail,Bundle,YesPass
Mail,Bundle,YesPass
Mail,Bundle,YesPass
Mail,Bundle,YesPass
Mail,Bundle,YesPass
Mail,Bundle,YesPass
Mail,Bundle,YesPass
Mail,Bundle,YesPass
Mail,Bundle,YesPass
Mail,Bundle,YesPass
Mail,Bundle,YesPass
Mail,Bundle,YesPass
Mail,Bundle,YesPass
Mail,Bundle,YesPass
Mail,Bundle,YesPass
Mail,Bundle,YesPass
Mail,Bundle,YesPass
Mail,Bundle,YesPass
Mail,Bundle,YesPass
Mail,Bundle,YesPass
Mail,Bundle,YesPass
Mail,Bundle,YesPass
Mail,Bundle,YesPass
Park,Bundle,YesPass
Park,Bundle,YesPass
Park,Bundle,YesPass
Park,Bundle,YesPass
Park,Bundle,YesPass
Park,Bundle,YesPass
Park,Bundle,YesPass
Park,Bundle,YesPass
Park,Bundle,YesPass
Park,Bundle,YesPass
Park,Bundle,YesPass
Park,Bundle,YesPass
Park,Bundle,YesPass
Park,Bundle,YesPass
Park,Bundle,YesPass
Park,Bundle,YesPass
Park,Bundle,YesPass
Park,Bundle,YesPass
Park,Bundle,YesPass
Park,Bundle,YesPass
Park,Bundle,YesPass
Park,Bundle,YesPass
Park,Bundle,YesPass
Park,Bundle,YesPass
Park,Bundle,YesPass
Park,Bundle,YesPass
Park,Bundle,YesPass
Park,Bundle,YesPass
Park,Bundle,YesPass
Park,Bundle,YesPass
Park,Bundle,YesPass
Park,Bundle,YesPass
Park,Bundle,YesPass
Park,Bundle,YesPass
Park,Bundle,YesPass
Park,Bundle,YesPass
Park,Bundle,YesPass
Park,Bundle,YesPass
Park,Bundle,YesPass
Park,Bundle,YesPass
Park,Bundle,YesPass
Park,Bundle,YesPass
Park,Bundle,YesPass
Park,Bundle,YesPass
Park,Bundle,YesPass
Park,Bundle,YesPass
Park,Bundle,YesPass
Park,Bundle,YesPass
Park,Bundle,YesPass
Park,Bundle,YesPass
Park,Bundle,YesPass
Park,Bundle,YesPass
Park,Bundle,YesPass
Park,Bundle,YesPass
Park,Bundle,YesPass
Park,Bundle,YesPass
Park,Bundle,YesPass
Park,Bundle,YesPass
Park,Bundle,YesPass
Park,Bundle,YesPass
Park,Bundle,YesPass
Park,Bundle,YesPass
Park,Bundle,YesPass
Park,Bundle,YesPass
Park,Bundle,YesPass
Park,Bundle,YesPass
Park,Bundle,YesPass
Park,Bundle,YesPass
Park,Bundle,YesPass
Park,Bundle,YesPass
Park,Bundle,YesPass
Park,Bundle,YesPass
Park,Bundle,YesPass
Park,Bundle,YesPass
Park,Bundle,YesPass
Park,Bundle,YesPass
Park,Bundle,YesPass
Park,Bundle,YesPass
Park,Bundle,YesPass
Park,Bundle,YesPass
Park,Bundle,YesPass
Park,Bundle,YesPass
Park,Bundle,YesPass
Park,Bundle,YesPass
Park,Bundle,YesPass
Park,Bundle,YesPass
Park,Bundle,YesPass
Park,Bundle,YesPass
Park,Bundle,YesPass
Park,Bundle,YesPass
Park,Bundle,YesPass
Park,Bundle,YesPass
Park,Bundle,YesPass
Park,Bundle,YesPass
Park,Bundle,YesPass
Park,Bundle,YesPass
Park,Bundle,YesPass
Park,Bundle,YesPass
Park,Bundle,YesPass
Park,Bundle,YesPass
Park,Bundle,YesPass
Park,Bundle,YesPass
Park,Bundle,YesPass
Park,Bundle,YesPass
Park,Bundle,YesPass
Park,Bundle,YesPass
Park,Bundle,YesPass
Park,Bundle,YesPass
Park,Bundle,YesPass
Park,Bundle,YesPass
Park,Bundle,YesPass
Park,Bundle,YesPass
Park,Bundle,YesPass
Park,Bundle,YesPass
Park,Bundle,YesPass
Park,Bundle,YesPass
Park,Bundle,YesPass
Park,Bundle,YesPass
Park,Bundle,YesPass
Park,Bundle,YesPass
Park,Bundle,YesPass
Park,Bundle,YesPass
Park,Bundle,YesPass
Park,Bundle,YesPass
Park,Bundle,YesPass
Park,Bundle,YesPass
Park,Bundle,YesPass
Park,Bundle,YesPass
Park,Bundle,YesPass
Park,Bundle,YesPass
Park,Bundle,YesPass
Park,Bundle,YesPass
Park,Bundle,YesPass
Park,Bundle,YesPass
Park,Bundle,YesPass
Park,Bundle,YesPass
Park,Bundle,YesPass
Park,Bundle,YesPass
Park,Bundle,YesPass
Park,Bundle,YesPass
Park,Bundle,YesPass
Park,Bundle,YesPass
Park,Bundle,YesPass
Park,Bundle,YesPass
Park,Bundle,YesPass
Park,Bundle,YesPass
Park,Bundle,YesPass
Park,Bundle,YesPass
Park,Bundle,YesPass
Park,Bundle,YesPass
Park,Bundle,YesPass
Park,Bundle,YesPass
Park,Bundle,YesPass
Park,Bundle,YesPass
Park,Bundle,YesPass
Park,Bundle,YesPass
Park,Bundle,YesPass
Park,Bundle,YesPass
Park,Bundle,YesPass
Park,Bundle,YesPass
Park,Bundle,YesPass
Park,Bundle,YesPass
Park,Bundle,YesPass
Park,Bundle,YesPass
Park,Bundle,YesPass
Park,Bundle,YesPass
Park,Bundle,YesPass
Park,Bundle,YesPass
Park,Bundle,YesPass
Park,Bundle,YesPass
Park,Bundle,YesPass
Park,Bundle,YesPass
Park,Bundle,YesPass
Park,Bundle,YesPass
Park,Bundle,YesPass
Park,Bundle,YesPass
Park,Bundle,YesPass
Park,Bundle,YesPass
Park,Bundle,YesPass
Park,Bundle,YesPass
Park,Bundle,YesPass
Park,Bundle,YesPass
Park,Bundle,YesPass
Park,Bundle,YesPass
Park,Bundle,YesPass
Park,Bundle,YesPass
Park,Bundle,YesPass
Park,Bundle,YesPass
Park,Bundle,YesPass
Park,Bundle,YesPass
Park,Bundle,YesPass
Park,Bundle,YesPass
Park,Bundle,YesPass
Park,Bundle,YesPass
Park,Bundle,YesPass
Park,Bundle,YesPass
Park,Bundle,YesPass
Park,Bundle,YesPass
Park,Bundle,YesPass
Park,Bundle,YesPass
Park,Bundle,YesPass
Park,Bundle,YesPass
Park,Bundle,YesPass
Park,Bundle,YesPass
Park,Bundle,YesPass
Park,Bundle,YesPass
Park,Bundle,YesPass
Park,Bundle,YesPass
Park,Bundle,YesPass
Park,Bundle,YesPass
Park,Bundle,YesPass
Park,Bundle,YesPass
Park,Bundle,YesPass
Park,Bundle,YesPass
Park,Bundle,YesPass
Park,Bundle,YesPass
Park,Bundle,YesPass
Park,Bundle,YesPass
Park,Bundle,YesPass
Park,Bundle,YesPass
Park,Bundle,YesPass
Park,Bundle,YesPass
Park,Bundle,YesPass
Park,Bundle,YesPass
Park,Bundle,YesPass
Park,Bundle,YesPass
Park,Bundle,YesPass
Park,Bundle,YesPass
Park,Bundle,YesPass
Park,Bundle,YesPass
Park,Bundle,YesPass
Park,Bundle,YesPass
Park,Bundle,YesPass
Park,Bundle,YesPass
Park,Bundle,YesPass
Park,Bundle,YesPass
Park,Bundle,YesPass
Park,Bundle,YesPass
Park,Bundle,YesPass
Park,Bundle,YesPass
Park,Bundle,YesPass
Park,Bundle,YesPass
Park,Bundle,YesPass
Park,Bundle,YesPass
Park,Bundle,YesPass
Park,Bundle,YesPass
Park,Bundle,YesPass
Park,Bundle,YesPass
Park,Bundle,YesPass
Park,Bundle,YesPass
Park,Bundle,YesPass
Park,Bundle,YesPass
Park,Bundle,YesPass
Park,Bundle,YesPass
Park,Bundle,YesPass
Park,Bundle,YesPass
Park,Bundle,YesPass
Park,Bundle,YesPass
Park,Bundle,YesPass
Park,Bundle,YesPass
Park,Bundle,YesPass
Park,Bundle,YesPass
Park,Bundle,YesPass
Park,Bundle,YesPass
Park,Bundle,YesPass
Park,Bundle,YesPass
Park,Bundle,YesPass
Park,Bundle,YesPass
Park,Bundle,YesPass
Park,Bundle,YesPass
Park,Bundle,YesPass
Park,Bundle,YesPass
Park,Bundle,YesPass
Park,Bundle,YesPass
Park,Bundle,YesPass
Park,Bundle,YesPass
Park,Bundle,YesPass
Park,Bundle,YesPass
Park,Bundle,YesPass
Park,Bundle,YesPass
Park,Bundle,YesPass
Park,Bundle,YesPass
Park,Bundle,YesPass
Park,Bundle,YesPass
Park,Bundle,YesPass
Park,Bundle,YesPass
Park,Bundle,YesPass
Park,Bundle,YesPass
Park,Bundle,YesPass
Park,Bundle,YesPass
Park,Bundle,YesPass
Park,Bundle,YesPass
Park,Bundle,YesPass
Park,Bundle,YesPass
Park,Bundle,YesPass
Park,Bundle,YesPass
Park,Bundle,YesPass
Park,Bundle,YesPass
Park,Bundle,YesPass
Park,Bundle,YesPass
Park,Bundle,YesPass
Park,Bundle,YesPass
Park,Bundle,YesPass
Park,Bundle,YesPass
Park,Bundle,YesPass
Park,Bundle,YesPass
Park,Bundle,YesPass
Park,Bundle,YesPass
Park,Bundle,YesPass
Park,Bundle,YesPass
Park,Bundle,YesPass
Park,Bundle,YesPass
Park,Bundle,YesPass
Park,Bundle,YesPass
Park,Bundle,YesPass
Park,Bundle,YesPass
Park,Bundle,YesPass
Park,Bundle,YesPass
Park,Bundle,YesPass
Park,Bundle,YesPass
Park,Bundle,YesPass
Park,Bundle,YesPass
Park,Bundle,YesPass
Park,Bundle,YesPass
Park,Bundle,YesPass
Park,Bundle,YesPass
Park,Bundle,YesPass
Park,Bundle,YesPass
Park,Bundle,YesPass
Park,Bundle,YesPass
Park,Bundle,YesPass
Park,Bundle,YesPass
Park,Bundle,YesPass
Park,Bundle,YesPass
Park,Bundle,YesPass
Park,Bundle,YesPass
Park,Bundle,YesPass
Park,Bundle,YesPass
Park,Bundle,YesPass
Park,Bundle,YesPass
Park,Bundle,YesPass
Park,Bundle,YesPass
Park,Bundle,YesPass
Park,Bundle,YesPass
Park,Bundle,YesPass
Park,Bundle,YesPass
Park,Bundle,YesPass
Park,Bundle,YesPass
Park,Bundle,YesPass
Park,Bundle,YesPass
Park,Bundle,YesPass
Park,Bundle,YesPass
Park,Bundle,YesPass
Park,Bundle,YesPass
Park,Bundle,YesPass
Park,Bundle,YesPass
Park,Bundle,YesPass
Park,Bundle,YesPass
Park,Bundle,YesPass
Park,Bundle,YesPass
Park,Bundle,YesPass
Park,Bundle,YesPass
Park,Bundle,YesPass
Park,Bundle,YesPass
Park,Bundle,YesPass
Park,Bundle,YesPass
Park,Bundle,YesPass
Park,Bundle,YesPass
Park,Bundle,YesPass
Park,Bundle,YesPass
Park,Bundle,YesPass
Park,Bundle,YesPass
Park,Bundle,YesPass
Park,Bundle,YesPass
Park,Bundle,YesPass
Park,Bundle,YesPass
Park,Bundle,YesPass
Park,Bundle,YesPass
Park,Bundle,YesPass
Park,Bundle,YesPass
Park,Bundle,YesPass
Park,Bundle,YesPass
Park,Bundle,YesPass
Park,Bundle,YesPass
Park,Bundle,YesPass
Park,Bundle,YesPass
Park,Bundle,YesPass
Park,Bundle,YesPass
Park,Bundle,YesPass
Park,Bundle,YesPass
Park,Bundle,YesPass
Park,Bundle,YesPass
Park,Bundle,YesPass
Park,Bundle,YesPass
Park,Bundle,YesPass
Park,Bundle,YesPass
Park,Bundle,YesPass
Park,Bundle,YesPass
Park,Bundle,YesPass
Park,Bundle,YesPass
Park,Bundle,YesPass
Park,Bundle,YesPass
Park,Bundle,YesPass
Park,Bundle,YesPass
Park,Bundle,YesPass
Park,Bundle,YesPass
Park,Bundle,YesPass
Park,Bundle,YesPass
Park,Bundle,YesPass
Park,Bundle,YesPass
Park,Bundle,YesPass
Park,Bundle,YesPass
Park,Bundle,YesPass
Park,Bundle,YesPass
Park,Bundle,YesPass
Park,Bundle,YesPass
Park,Bundle,YesPass
Park,Bundle,YesPass
Park,Bundle,YesPass
Park,Bundle,YesPass
Park,Bundle,YesPass
Park,Bundle,YesPass
Park,Bundle,YesPass
Park,Bundle,YesPass
Park,Bundle,YesPass
Park,Bundle,YesPass
Park,Bundle,YesPass
Park,Bundle,YesPass
Park,Bundle,YesPass
Park,Bundle,YesPass
Park,Bundle,YesPass
Park,Bundle,YesPass
Park,Bundle,YesPass
Park,Bundle,YesPass
Park,Bundle,YesPass
Park,Bundle,YesPass
Park,Bundle,YesPass
Park,Bundle,YesPass
Park,Bundle,YesPass
Park,Bundle,YesPass
Park,Bundle,YesPass
Park,Bundle,YesPass
Park,Bundle,YesPass
Park,Bundle,YesPass
Park,Bundle,YesPass
Park,Bundle,YesPass
Park,Bundle,YesPass
Park,Bundle,YesPass
Park,Bundle,YesPass
Park,Bundle,YesPass
Park,Bundle,YesPass
Park,Bundle,YesPass
Park,Bundle,YesPass
Park,Bundle,YesPass
Park,Bundle,YesPass
Park,Bundle,YesPass
Park,Bundle,YesPass
Park,Bundle,YesPass
Park,Bundle,YesPass
Park,Bundle,YesPass
Park,Bundle,YesPass
Park,Bundle,YesPass
Park,Bundle,YesPass
Park,Bundle,YesPass
Park,Bundle,YesPass
Park,Bundle,YesPass
Park,Bundle,YesPass
Park,Bundle,YesPass
Park,Bundle,YesPass
Park,Bundle,YesPass
Park,Bundle,YesPass
Park,Bundle,YesPass
Park,Bundle,YesPass
Park,Bundle,YesPass
Park,Bundle,YesPass
Park,Bundle,YesPass
Park,Bundle,YesPass
Park,Bundle,YesPass
Park,Bundle,YesPass
Park,Bundle,YesPass
Park,Bundle,YesPass
Park,Bundle,YesPass
Park,Bundle,YesPass
Park,Bundle,YesPass
Park,Bundle,YesPass
Park,Bundle,YesPass
Park,Bundle,YesPass
Park,Bundle,YesPass
Park,Bundle,YesPass
Park,Bundle,YesPass
Park,Bundle,YesPass
Park,Bundle,YesPass
Park,Bundle,YesPass
Park,Bundle,YesPass
Park,Bundle,YesPass
Park,Bundle,YesPass
Park,Bundle,YesPass
Park,Bundle,YesPass
Park,Bundle,YesPass
Park,Bundle,YesPass
Park,Bundle,YesPass
Park,Bundle,YesPass
Park,Bundle,YesPass
Park,Bundle,YesPass
Park,Bundle,YesPass
Park,Bundle,YesPass
Park,Bundle,YesPass
Park,Bundle,YesPass
Park,Bundle,YesPass
Park,Bundle,YesPass
Park,Bundle,YesPass
Park,Bundle,YesPass
Park,Bundle,YesPass
Park,Bundle,YesPass
Park,Bundle,YesPass
Park,Bundle,YesPass
Park,Bundle,YesPass
Park,Bundle,YesPass
Park,Bundle,YesPass
Park,Bundle,YesPass
Park,Bundle,YesPass
Park,Bundle,YesPass
Park,Bundle,YesPass
Park,Bundle,YesPass
Park,Bundle,YesPass
Park,Bundle,YesPass
Park,Bundle,YesPass
Park,Bundle,YesPass
Park,Bundle,YesPass
Park,Bundle,YesPass
Park,Bundle,YesPass
Park,Bundle,YesPass
Park,Bundle,YesPass
Park,Bundle,YesPass
Park,Bundle,YesPass
Park,Bundle,YesPass
Park,Bundle,YesPass
Park,Bundle,YesPass
Park,Bundle,YesPass
Park,Bundle,YesPass
Park,Bundle,YesPass
Park,Bundle,YesPass
Park,Bundle,YesPass
Park,Bundle,YesPass
Park,Bundle,YesPass
Park,Bundle,YesPass
Park,Bundle,YesPass
Park,Bundle,YesPass
Park,Bundle,YesPass
Park,Bundle,YesPass
Park,Bundle,YesPass
Park,Bundle,YesPass
Park,Bundle,YesPass
Park,Bundle,YesPass
Park,Bundle,YesPass
Park,Bundle,YesPass
Park,Bundle,YesPass
Park,Bundle,YesPass
Park,Bundle,YesPass
Park,Bundle,YesPass
Park,Bundle,YesPass
Park,Bundle,YesPass
Park,Bundle,YesPass
Park,Bundle,YesPass
Park,Bundle,YesPass
Park,Bundle,YesPass
Park,Bundle,YesPass
Park,Bundle,YesPass
Park,Bundle,YesPass
Park,Bundle,YesPass
Park,Bundle,YesPass
Park,Bundle,YesPass
Park,Bundle,YesPass
Park,Bundle,YesPass
Park,Bundle,YesPass
Park,Bundle,YesPass
Park,Bundle,YesPass
Park,Bundle,YesPass
Park,Bundle,YesPass
Park,Bundle,YesPass
Park,Bundle,YesPass
Park,Bundle,YesPass
Park,Bundle,YesPass
Park,Bundle,YesPass
Park,Bundle,YesPass
Park,Bundle,YesPass
Park,Bundle,YesPass
Park,Bundle,YesPass
Park,Bundle,YesPass
Park,Bundle,YesPass
Park,Bundle,YesPass
Park,Bundle,YesPass
Park,Bundle,YesPass
Park,Bundle,YesPass
Park,Bundle,YesPass
Park,Bundle,YesPass
Park,Bundle,YesPass
Park,Bundle,YesPass
Park,Bundle,YesPass
Park,Bundle,YesPass
Park,Bundle,YesPass
Park,Bundle,YesPass
Park,Bundle,YesPass
Park,Bundle,YesPass
Park,Bundle,YesPass
Park,Bundle,YesPass
Park,Bundle,YesPass
Park,Bundle,YesPass
Park,Bundle,YesPass
Park,Bundle,YesPass
Park,Bundle,YesPass
Park,Bundle,YesPass
Park,Bundle,YesPass
Park,Bundle,YesPass
Park,Bundle,YesPass
Park,Bundle,YesPass
Park,Bundle,YesPass
Park,Bundle,YesPass
Park,Bundle,YesPass
Park,Bundle,YesPass
Park,Bundle,YesPass
Park,Bundle,YesPass
Park,Bundle,YesPass
Park,Bundle,YesPass
Park,Bundle,YesPass
Park,Bundle,YesPass
Park,Bundle,YesPass
Park,Bundle,YesPass
Park,Bundle,YesPass
Park,Bundle,YesPass
Park,Bundle,YesPass
Park,Bundle,YesPass
Park,Bundle,YesPass
Park,Bundle,YesPass
Park,Bundle,YesPass
Park,Bundle,YesPass
Park,Bundle,YesPass
Park,Bundle,YesPass
Park,Bundle,YesPass
Email,Bundle,YesPass
Email,Bundle,YesPass
Email,Bundle,YesPass
Email,Bundle,YesPass
Email,Bundle,YesPass
Email,Bundle,YesPass
Email,Bundle,YesPass
Email,Bundle,YesPass
Email,Bundle,YesPass
Email,Bundle,YesPass
Email,Bundle,YesPass
Email,Bundle,YesPass
Email,Bundle,YesPass
Email,Bundle,YesPass
Email,Bundle,YesPass
Email,Bundle,YesPass
Email,Bundle,YesPass
Email,Bundle,YesPass
Email,Bundle,YesPass
Email,Bundle,YesPass
Email,Bundle,YesPass
Email,Bundle,YesPass
Email,Bundle,YesPass
Email,Bundle,YesPass
Email,Bundle,YesPass
Email,Bundle,YesPass
Email,Bundle,YesPass
Email,Bundle,YesPass
Email,Bundle,YesPass
Email,Bundle,YesPass
Email,Bundle,YesPass
Email,Bundle,YesPass
Email,Bundle,YesPass
Email,Bundle,YesPass
Email,Bundle,YesPass
Email,Bundle,YesPass
Email,Bundle,YesPass
Email,Bundle,YesPass
Mail,NoBundle,YesPass
Mail,NoBundle,YesPass
Mail,NoBundle,YesPass
Mail,NoBundle,YesPass
Mail,NoBundle,YesPass
Mail,NoBundle,YesPass
Mail,NoBundle,YesPass
Mail,NoBundle,YesPass
Mail,NoBundle,YesPass
Mail,NoBundle,YesPass
Mail,NoBundle,YesPass
Mail,NoBundle,YesPass
Mail,NoBundle,YesPass
Mail,NoBundle,YesPass
Mail,NoBundle,YesPass
Mail,NoBundle,YesPass
Mail,NoBundle,YesPass
Mail,NoBundle,YesPass
Mail,NoBundle,YesPass
Mail,NoBundle,YesPass
Mail,NoBundle,YesPass
Mail,NoBundle,YesPass
Mail,NoBundle,YesPass
Mail,NoBundle,YesPass
Mail,NoBundle,YesPass
Mail,NoBundle,YesPass
Mail,NoBundle,YesPass
Mail,NoBundle,YesPass
Mail,NoBundle,YesPass
Mail,NoBundle,YesPass
Mail,NoBundle,YesPass
Mail,NoBundle,YesPass
Mail,NoBundle,YesPass
Mail,NoBundle,YesPass
Mail,NoBundle,YesPass
Mail,NoBundle,YesPass
Mail,NoBundle,YesPass
Mail,NoBundle,YesPass
Mail,NoBundle,YesPass
Mail,NoBundle,YesPass
Mail,NoBundle,YesPass
Mail,NoBundle,YesPass
Mail,NoBundle,YesPass
Mail,NoBundle,YesPass
Mail,NoBundle,YesPass
Mail,NoBundle,YesPass
Mail,NoBundle,YesPass
Mail,NoBundle,YesPass
Mail,NoBundle,YesPass
Mail,NoBundle,YesPass
Mail,NoBundle,YesPass
Mail,NoBundle,YesPass
Mail,NoBundle,YesPass
Mail,NoBundle,YesPass
Mail,NoBundle,YesPass
Mail,NoBundle,YesPass
Mail,NoBundle,YesPass
Mail,NoBundle,YesPass
Mail,NoBundle,YesPass
Mail,NoBundle,YesPass
Mail,NoBundle,YesPass
Mail,NoBundle,YesPass
Mail,NoBundle,YesPass
Mail,NoBundle,YesPass
Mail,NoBundle,YesPass
Mail,NoBundle,YesPass
Mail,NoBundle,YesPass
Mail,NoBundle,YesPass
Mail,NoBundle,YesPass
Mail,NoBundle,YesPass
Mail,NoBundle,YesPass
Mail,NoBundle,YesPass
Mail,NoBundle,YesPass
Mail,NoBundle,YesPass
Mail,NoBundle,YesPass
Mail,NoBundle,YesPass
Mail,NoBundle,YesPass
Mail,NoBundle,YesPass
Mail,NoBundle,YesPass
Mail,NoBundle,YesPass
Mail,NoBundle,YesPass
Mail,NoBundle,YesPass
Mail,NoBundle,YesPass
Mail,NoBundle,YesPass
Mail,NoBundle,YesPass
Mail,NoBundle,YesPass
Mail,NoBundle,YesPass
Mail,NoBundle,YesPass
Mail,NoBundle,YesPass
Mail,NoBundle,YesPass
Mail,NoBundle,YesPass
Mail,NoBundle,YesPass
Mail,NoBundle,YesPass
Mail,NoBundle,YesPass
Mail,NoBundle,YesPass
Mail,NoBundle,YesPass
Mail,NoBundle,YesPass
Mail,NoBundle,YesPass
Mail,NoBundle,YesPass
Mail,NoBundle,YesPass
Mail,NoBundle,YesPass
Mail,NoBundle,YesPass
Mail,NoBundle,YesPass
Mail,NoBundle,YesPass
Mail,NoBundle,YesPass
Mail,NoBundle,YesPass
Mail,NoBundle,YesPass
Mail,NoBundle,YesPass
Mail,NoBundle,YesPass
Mail,NoBundle,YesPass
Mail,NoBundle,YesPass
Mail,NoBundle,YesPass
Mail,NoBundle,YesPass
Mail,NoBundle,YesPass
Mail,NoBundle,YesPass
Mail,NoBundle,YesPass
Mail,NoBundle,YesPass
Mail,NoBundle,YesPass
Mail,NoBundle,YesPass
Mail,NoBundle,YesPass
Mail,NoBundle,YesPass
Mail,NoBundle,YesPass
Mail,NoBundle,YesPass
Mail,NoBundle,YesPass
Mail,NoBundle,YesPass
Mail,NoBundle,YesPass
Mail,NoBundle,YesPass
Mail,NoBundle,YesPass
Mail,NoBundle,YesPass
Mail,NoBundle,YesPass
Mail,NoBundle,YesPass
Mail,NoBundle,YesPass
Mail,NoBundle,YesPass
Mail,NoBundle,YesPass
Mail,NoBundle,YesPass
Mail,NoBundle,YesPass
Mail,NoBundle,YesPass
Mail,NoBundle,YesPass
Mail,NoBundle,YesPass
Mail,NoBundle,YesPass
Mail,NoBundle,YesPass
Mail,NoBundle,YesPass
Mail,NoBundle,YesPass
Mail,NoBundle,YesPass
Mail,NoBundle,YesPass
Mail,NoBundle,YesPass
Mail,NoBundle,YesPass
Mail,NoBundle,YesPass
Mail,NoBundle,YesPass
Mail,NoBundle,YesPass
Mail,NoBundle,YesPass
Mail,NoBundle,YesPass
Mail,NoBundle,YesPass
Mail,NoBundle,YesPass
Mail,NoBundle,YesPass
Mail,NoBundle,YesPass
Mail,NoBundle,YesPass
Mail,NoBundle,YesPass
Mail,NoBundle,YesPass
Mail,NoBundle,YesPass
Mail,NoBundle,YesPass
Mail,NoBundle,YesPass
Mail,NoBundle,YesPass
Mail,NoBundle,YesPass
Mail,NoBundle,YesPass
Mail,NoBundle,YesPass
Mail,NoBundle,YesPass
Mail,NoBundle,YesPass
Mail,NoBundle,YesPass
Mail,NoBundle,YesPass
Mail,NoBundle,YesPass
Mail,NoBundle,YesPass
Mail,NoBundle,YesPass
Mail,NoBundle,YesPass
Mail,NoBundle,YesPass
Mail,NoBundle,YesPass
Mail,NoBundle,YesPass
Mail,NoBundle,YesPass
Mail,NoBundle,YesPass
Mail,NoBundle,YesPass
Mail,NoBundle,YesPass
Mail,NoBundle,YesPass
Mail,NoBundle,YesPass
Mail,NoBundle,YesPass
Mail,NoBundle,YesPass
Mail,NoBundle,YesPass
Mail,NoBundle,YesPass
Mail,NoBundle,YesPass
Mail,NoBundle,YesPass
Mail,NoBundle,YesPass
Mail,NoBundle,YesPass
Mail,NoBundle,YesPass
Mail,NoBundle,YesPass
Mail,NoBundle,YesPass
Mail,NoBundle,YesPass
Mail,NoBundle,YesPass
Mail,NoBundle,YesPass
Mail,NoBundle,YesPass
Mail,NoBundle,YesPass
Mail,NoBundle,YesPass
Mail,NoBundle,YesPass
Mail,NoBundle,YesPass
Mail,NoBundle,YesPass
Mail,NoBundle,YesPass
Mail,NoBundle,YesPass
Mail,NoBundle,YesPass
Mail,NoBundle,YesPass
Mail,NoBundle,YesPass
Mail,NoBundle,YesPass
Mail,NoBundle,YesPass
Mail,NoBundle,YesPass
Mail,NoBundle,YesPass
Mail,NoBundle,YesPass
Mail,NoBundle,YesPass
Mail,NoBundle,YesPass
Mail,NoBundle,YesPass
Mail,NoBundle,YesPass
Mail,NoBundle,YesPass
Mail,NoBundle,YesPass
Mail,NoBundle,YesPass
Mail,NoBundle,YesPass
Mail,NoBundle,YesPass
Mail,NoBundle,YesPass
Mail,NoBundle,YesPass
Mail,NoBundle,YesPass
Mail,NoBundle,YesPass
Mail,NoBundle,YesPass
Mail,NoBundle,YesPass
Mail,NoBundle,YesPass
Mail,NoBundle,YesPass
Mail,NoBundle,YesPass
Mail,NoBundle,YesPass
Mail,NoBundle,YesPass
Mail,NoBundle,YesPass
Mail,NoBundle,YesPass
Mail,NoBundle,YesPass
Mail,NoBundle,YesPass
Mail,NoBundle,YesPass
Mail,NoBundle,YesPass
Mail,NoBundle,YesPass
Mail,NoBundle,YesPass
Mail,NoBundle,YesPass
Mail,NoBundle,YesPass
Mail,NoBundle,YesPass
Mail,NoBundle,YesPass
Mail,NoBundle,YesPass
Mail,NoBundle,YesPass
Mail,NoBundle,YesPass
Mail,NoBundle,YesPass
Mail,NoBundle,YesPass
Mail,NoBundle,YesPass
Mail,NoBundle,YesPass
Mail,NoBundle,YesPass
Mail,NoBundle,YesPass
Mail,NoBundle,YesPass
Mail,NoBundle,YesPass
Mail,NoBundle,YesPass
Mail,NoBundle,YesPass
Mail,NoBundle,YesPass
Mail,NoBundle,YesPass
Mail,NoBundle,YesPass
Mail,NoBundle,YesPass
Mail,NoBundle,YesPass
Mail,NoBundle,YesPass
Mail,NoBundle,YesPass
Mail,NoBundle,YesPass
Mail,NoBundle,YesPass
Mail,NoBundle,YesPass
Mail,NoBundle,YesPass
Mail,NoBundle,YesPass
Mail,NoBundle,YesPass
Mail,NoBundle,YesPass
Mail,NoBundle,YesPass
Mail,NoBundle,YesPass
Mail,NoBundle,YesPass
Mail,NoBundle,YesPass
Mail,NoBundle,YesPass
Mail,NoBundle,YesPass
Mail,NoBundle,YesPass
Mail,NoBundle,YesPass
Mail,NoBundle,YesPass
Mail,NoBundle,YesPass
Mail,NoBundle,YesPass
Mail,NoBundle,YesPass
Mail,NoBundle,YesPass
Mail,NoBundle,YesPass
Mail,NoBundle,YesPass
Mail,NoBundle,YesPass
Mail,NoBundle,YesPass
Mail,NoBundle,YesPass
Mail,NoBundle,YesPass
Mail,NoBundle,YesPass
Mail,NoBundle,YesPass
Mail,NoBundle,YesPass
Mail,NoBundle,YesPass
Mail,NoBundle,YesPass
Mail,NoBundle,YesPass
Mail,NoBundle,YesPass
Mail,NoBundle,YesPass
Mail,NoBundle,YesPass
Mail,NoBundle,YesPass
Mail,NoBundle,YesPass
Mail,NoBundle,YesPass
Mail,NoBundle,YesPass
Mail,NoBundle,YesPass
Mail,NoBundle,YesPass
Mail,NoBundle,YesPass
Mail,NoBundle,YesPass
Mail,NoBundle,YesPass
Mail,NoBundle,YesPass
Mail,NoBundle,YesPass
Mail,NoBundle,YesPass
Mail,NoBundle,YesPass
Mail,NoBundle,YesPass
Mail,NoBundle,YesPass
Mail,NoBundle,YesPass
Mail,NoBundle,YesPass
Mail,NoBundle,YesPass
Mail,NoBundle,YesPass
Mail,NoBundle,YesPass
Mail,NoBundle,YesPass
Mail,NoBundle,YesPass
Mail,NoBundle,YesPass
Mail,NoBundle,YesPass
Mail,NoBundle,YesPass
Mail,NoBundle,YesPass
Mail,NoBundle,YesPass
Mail,NoBundle,YesPass
Mail,NoBundle,YesPass
Mail,NoBundle,YesPass
Mail,NoBundle,YesPass
Mail,NoBundle,YesPass
Mail,NoBundle,YesPass
Mail,NoBundle,YesPass
Mail,NoBundle,YesPass
Mail,NoBundle,YesPass
Mail,NoBundle,YesPass
Mail,NoBundle,YesPass
Mail,NoBundle,YesPass
Mail,NoBundle,YesPass
Mail,NoBundle,YesPass
Mail,NoBundle,YesPass
Mail,NoBundle,YesPass
Mail,NoBundle,YesPass
Mail,NoBundle,YesPass
Mail,NoBundle,YesPass
Mail,NoBundle,YesPass
Mail,NoBundle,YesPass
Mail,NoBundle,YesPass
Mail,NoBundle,YesPass
Mail,NoBundle,YesPass
Mail,NoBundle,YesPass
Mail,NoBundle,YesPass
Mail,NoBundle,YesPass
Mail,NoBundle,YesPass
Mail,NoBundle,YesPass
Mail,NoBundle,YesPass
Mail,NoBundle,YesPass
Mail,NoBundle,YesPass
Park,NoBundle,YesPass
Park,NoBundle,YesPass
Park,NoBundle,YesPass
Park,NoBundle,YesPass
Park,NoBundle,YesPass
Park,NoBundle,YesPass
Park,NoBundle,YesPass
Park,NoBundle,YesPass
Park,NoBundle,YesPass
Park,NoBundle,YesPass
Park,NoBundle,YesPass
Park,NoBundle,YesPass
Park,NoBundle,YesPass
Park,NoBundle,YesPass
Park,NoBundle,YesPass
Park,NoBundle,YesPass
Park,NoBundle,YesPass
Park,NoBundle,YesPass
Park,NoBundle,YesPass
Park,NoBundle,YesPass
Park,NoBundle,YesPass
Park,NoBundle,YesPass
Park,NoBundle,YesPass
Park,NoBundle,YesPass
Park,NoBundle,YesPass
Park,NoBundle,YesPass
Park,NoBundle,YesPass
Park,NoBundle,YesPass
Park,NoBundle,YesPass
Park,NoBundle,YesPass
Park,NoBundle,YesPass
Park,NoBundle,YesPass
Park,NoBundle,YesPass
Park,NoBundle,YesPass
Park,NoBundle,YesPass
Park,NoBundle,YesPass
Park,NoBundle,YesPass
Park,NoBundle,YesPass
Park,NoBundle,YesPass
Park,NoBundle,YesPass
Park,NoBundle,YesPass
Park,NoBundle,YesPass
Park,NoBundle,YesPass
Park,NoBundle,YesPass
Park,NoBundle,YesPass
Park,NoBundle,YesPass
Park,NoBundle,YesPass
Park,NoBundle,YesPass
Park,NoBundle,YesPass
Park,NoBundle,YesPass
Park,NoBundle,YesPass
Park,NoBundle,YesPass
Park,NoBundle,YesPass
Park,NoBundle,YesPass
Park,NoBundle,YesPass
Park,NoBundle,YesPass
Park,NoBundle,YesPass
Park,NoBundle,YesPass
Park,NoBundle,YesPass
Park,NoBundle,YesPass
Park,NoBundle,YesPass
Park,NoBundle,YesPass
Park,NoBundle,YesPass
Park,NoBundle,YesPass
Park,NoBundle,YesPass
Park,NoBundle,YesPass
Park,NoBundle,YesPass
Park,NoBundle,YesPass
Park,NoBundle,YesPass
Park,NoBundle,YesPass
Park,NoBundle,YesPass
Park,NoBundle,YesPass
Park,NoBundle,YesPass
Park,NoBundle,YesPass
Park,NoBundle,YesPass
Park,NoBundle,YesPass
Park,NoBundle,YesPass
Park,NoBundle,YesPass
Park,NoBundle,YesPass
Park,NoBundle,YesPass
Park,NoBundle,YesPass
Park,NoBundle,YesPass
Park,NoBundle,YesPass
Park,NoBundle,YesPass
Park,NoBundle,YesPass
Park,NoBundle,YesPass
Park,NoBundle,YesPass
Park,NoBundle,YesPass
Park,NoBundle,YesPass
Park,NoBundle,YesPass
Park,NoBundle,YesPass
Park,NoBundle,YesPass
Park,NoBundle,YesPass
Park,NoBundle,YesPass
Park,NoBundle,YesPass
Park,NoBundle,YesPass
Park,NoBundle,YesPass
Park,NoBundle,YesPass
Park,NoBundle,YesPass
Park,NoBundle,YesPass
Park,NoBundle,YesPass
Park,NoBundle,YesPass
Park,NoBundle,YesPass
Park,NoBundle,YesPass
Park,NoBundle,YesPass
Park,NoBundle,YesPass
Park,NoBundle,YesPass
Park,NoBundle,YesPass
Park,NoBundle,YesPass
Park,NoBundle,YesPass
Park,NoBundle,YesPass
Park,NoBundle,YesPass
Park,NoBundle,YesPass
Park,NoBundle,YesPass
Park,NoBundle,YesPass
Park,NoBundle,YesPass
Park,NoBundle,YesPass
Park,NoBundle,YesPass
Park,NoBundle,YesPass
Park,NoBundle,YesPass
Park,NoBundle,YesPass
Park,NoBundle,YesPass
Park,NoBundle,YesPass
Park,NoBundle,YesPass
Park,NoBundle,YesPass
Park,NoBundle,YesPass
Park,NoBundle,YesPass
Park,NoBundle,YesPass
Park,NoBundle,YesPass
Park,NoBundle,YesPass
Park,NoBundle,YesPass
Park,NoBundle,YesPass
Park,NoBundle,YesPass
Park,NoBundle,YesPass
Park,NoBundle,YesPass
Park,NoBundle,YesPass
Park,NoBundle,YesPass
Park,NoBundle,YesPass
Park,NoBundle,YesPass
Park,NoBundle,YesPass
Park,NoBundle,YesPass
Park,NoBundle,YesPass
Park,NoBundle,YesPass
Park,NoBundle,YesPass
Park,NoBundle,YesPass
Park,NoBundle,YesPass
Park,NoBundle,YesPass
Park,NoBundle,YesPass
Park,NoBundle,YesPass
Park,NoBundle,YesPass
Park,NoBundle,YesPass
Park,NoBundle,YesPass
Park,NoBundle,YesPass
Park,NoBundle,YesPass
Park,NoBundle,YesPass
Park,NoBundle,YesPass
Park,NoBundle,YesPass
Park,NoBundle,YesPass
Park,NoBundle,YesPass
Park,NoBundle,YesPass
Park,NoBundle,YesPass
Park,NoBundle,YesPass
Park,NoBundle,YesPass
Park,NoBundle,YesPass
Park,NoBundle,YesPass
Park,NoBundle,YesPass
Park,NoBundle,YesPass
Park,NoBundle,YesPass
Park,NoBundle,YesPass
Park,NoBundle,YesPass
Park,NoBundle,YesPass
Park,NoBundle,YesPass
Park,NoBundle,YesPass
Park,NoBundle,YesPass
Park,NoBundle,YesPass
Park,NoBundle,YesPass
Park,NoBundle,YesPass
Park,NoBundle,YesPass
Park,NoBundle,YesPass
Park,NoBundle,YesPass
Park,NoBundle,YesPass
Park,NoBundle,YesPass
Park,NoBundle,YesPass
Park,NoBundle,YesPass
Park,NoBundle,YesPass
Park,NoBundle,YesPass
Park,NoBundle,YesPass
Park,NoBundle,YesPass
Park,NoBundle,YesPass
Park,NoBundle,YesPass
Park,NoBundle,YesPass
Park,NoBundle,YesPass
Park,NoBundle,YesPass
Park,NoBundle,YesPass
Park,NoBundle,YesPass
Park,NoBundle,YesPass
Park,NoBundle,YesPass
Park,NoBundle,YesPass
Park,NoBundle,YesPass
Park,NoBundle,YesPass
Park,NoBundle,YesPass
Park,NoBundle,YesPass
Park,NoBundle,YesPass
Park,NoBundle,YesPass
Park,NoBundle,YesPass
Park,NoBundle,YesPass
Park,NoBundle,YesPass
Park,NoBundle,YesPass
Park,NoBundle,YesPass
Park,NoBundle,YesPass
Park,NoBundle,YesPass
Park,NoBundle,YesPass
Park,NoBundle,YesPass
Park,NoBundle,YesPass
Park,NoBundle,YesPass
Park,NoBundle,YesPass
Park,NoBundle,YesPass
Park,NoBundle,YesPass
Park,NoBundle,YesPass
Park,NoBundle,YesPass
Park,NoBundle,YesPass
Park,NoBundle,YesPass
Park,NoBundle,YesPass
Park,NoBundle,YesPass
Park,NoBundle,YesPass
Park,NoBundle,YesPass
Park,NoBundle,YesPass
Park,NoBundle,YesPass
Park,NoBundle,YesPass
Park,NoBundle,YesPass
Park,NoBundle,YesPass
Park,NoBundle,YesPass
Park,NoBundle,YesPass
Park,NoBundle,YesPass
Park,NoBundle,YesPass
Park,NoBundle,YesPass
Park,NoBundle,YesPass
Park,NoBundle,YesPass
Park,NoBundle,YesPass
Park,NoBundle,YesPass
Park,NoBundle,YesPass
Park,NoBundle,YesPass
Park,NoBundle,YesPass
Park,NoBundle,YesPass
Park,NoBundle,YesPass
Park,NoBundle,YesPass
Park,NoBundle,YesPass
Park,NoBundle,YesPass
Park,NoBundle,YesPass
Park,NoBundle,YesPass
Park,NoBundle,YesPass
Park,NoBundle,YesPass
Park,NoBundle,YesPass
Park,NoBundle,YesPass
Park,NoBundle,YesPass
Park,NoBundle,YesPass
Park,NoBundle,YesPass
Park,NoBundle,YesPass
Park,NoBundle,YesPass
Park,NoBundle,YesPass
Park,NoBundle,YesPass
Park,NoBundle,YesPass
Park,NoBundle,YesPass
Park,NoBundle,YesPass
Park,NoBundle,YesPass
Park,NoBundle,YesPass
Park,NoBundle,YesPass
Park,NoBundle,YesPass
Park,NoBundle,YesPass
Park,NoBundle,YesPass
Park,NoBundle,YesPass
Park,NoBundle,YesPass
Park,NoBundle,YesPass
Park,NoBundle,YesPass
Park,NoBundle,YesPass
Park,NoBundle,YesPass
Park,NoBundle,YesPass
Park,NoBundle,YesPass
Park,NoBundle,YesPass
Park,NoBundle,YesPass
Park,NoBundle,YesPass
Park,NoBundle,YesPass
Park,NoBundle,YesPass
Park,NoBundle,YesPass
Email,NoBundle,YesPass
Email,NoBundle,YesPass
Email,NoBundle,YesPass
Email,NoBundle,YesPass
Email,NoBundle,YesPass
Email,NoBundle,YesPass
Email,NoBundle,YesPass
Email,NoBundle,YesPass
Email,NoBundle,YesPass
Email,NoBundle,YesPass
Email,NoBundle,YesPass
Email,NoBundle,YesPass
Email,NoBundle,YesPass
Email,NoBundle,YesPass
Email,NoBundle,YesPass
Email,NoBundle,YesPass
Email,NoBundle,YesPass
Email,NoBundle,YesPass
Email,NoBundle,YesPass
Email,NoBundle,YesPass
Email,NoBundle,YesPass
Email,NoBundle,YesPass
Email,NoBundle,YesPass
Email,NoBundle,YesPass
Email,NoBundle,YesPass
Email,NoBundle,YesPass
Email,NoBundle,YesPass
Mail,Bundle,NoPass
Mail,Bundle,NoPass
Mail,Bundle,NoPass
Mail,Bundle,NoPass
Mail,Bundle,NoPass
Mail,Bundle,NoPass
Mail,Bundle,NoPass
Mail,Bundle,NoPass
Mail,Bundle,NoPass
Mail,Bundle,NoPass
Mail,Bundle,NoPass
Mail,Bundle,NoPass
Mail,Bundle,NoPass
Mail,Bundle,NoPass
Mail,Bundle,NoPass
Mail,Bundle,NoPass
Mail,Bundle,NoPass
Mail,Bundle,NoPass
Mail,Bundle,NoPass
Mail,Bundle,NoPass
Mail,Bundle,NoPass
Mail,Bundle,NoPass
Mail,Bundle,NoPass
Mail,Bundle,NoPass
Mail,Bundle,NoPass
Mail,Bundle,NoPass
Mail,Bundle,NoPass
Mail,Bundle,NoPass
Mail,Bundle,NoPass
Mail,Bundle,NoPass
Mail,Bundle,NoPass
Mail,Bundle,NoPass
Mail,Bundle,NoPass
Mail,Bundle,NoPass
Mail,Bundle,NoPass
Mail,Bundle,NoPass
Mail,Bundle,NoPass
Mail,Bundle,NoPass
Mail,Bundle,NoPass
Mail,Bundle,NoPass
Mail,Bundle,NoPass
Mail,Bundle,NoPass
Mail,Bundle,NoPass
Mail,Bundle,NoPass
Mail,Bundle,NoPass
Mail,Bundle,NoPass
Mail,Bundle,NoPass
Mail,Bundle,NoPass
Mail,Bundle,NoPass
Mail,Bundle,NoPass
Mail,Bundle,NoPass
Mail,Bundle,NoPass
Mail,Bundle,NoPass
Mail,Bundle,NoPass
Mail,Bundle,NoPass
Mail,Bundle,NoPass
Mail,Bundle,NoPass
Mail,Bundle,NoPass
Mail,Bundle,NoPass
Mail,Bundle,NoPass
Mail,Bundle,NoPass
Mail,Bundle,NoPass
Mail,Bundle,NoPass
Mail,Bundle,NoPass
Mail,Bundle,NoPass
Mail,Bundle,NoPass
Mail,Bundle,NoPass
Mail,Bundle,NoPass
Mail,Bundle,NoPass
Mail,Bundle,NoPass
Mail,Bundle,NoPass
Mail,Bundle,NoPass
Mail,Bundle,NoPass
Mail,Bundle,NoPass
Mail,Bundle,NoPass
Mail,Bundle,NoPass
Mail,Bundle,NoPass
Mail,Bundle,NoPass
Mail,Bundle,NoPass
Mail,Bundle,NoPass
Mail,Bundle,NoPass
Mail,Bundle,NoPass
Mail,Bundle,NoPass
Mail,Bundle,NoPass
Mail,Bundle,NoPass
Mail,Bundle,NoPass
Mail,Bundle,NoPass
Mail,Bundle,NoPass
Mail,Bundle,NoPass
Mail,Bundle,NoPass
Mail,Bundle,NoPass
Mail,Bundle,NoPass
Mail,Bundle,NoPass
Mail,Bundle,NoPass
Mail,Bundle,NoPass
Mail,Bundle,NoPass
Mail,Bundle,NoPass
Mail,Bundle,NoPass
Mail,Bundle,NoPass
Mail,Bundle,NoPass
Mail,Bundle,NoPass
Mail,Bundle,NoPass
Mail,Bundle,NoPass
Mail,Bundle,NoPass
Mail,Bundle,NoPass
Mail,Bundle,NoPass
Mail,Bundle,NoPass
Mail,Bundle,NoPass
Mail,Bundle,NoPass
Mail,Bundle,NoPass
Mail,Bundle,NoPass
Mail,Bundle,NoPass
Mail,Bundle,NoPass
Mail,Bundle,NoPass
Mail,Bundle,NoPass
Mail,Bundle,NoPass
Mail,Bundle,NoPass
Mail,Bundle,NoPass
Mail,Bundle,NoPass
Mail,Bundle,NoPass
Mail,Bundle,NoPass
Mail,Bundle,NoPass
Mail,Bundle,NoPass
Mail,Bundle,NoPass
Mail,Bundle,NoPass
Mail,Bundle,NoPass
Mail,Bundle,NoPass
Mail,Bundle,NoPass
Mail,Bundle,NoPass
Mail,Bundle,NoPass
Mail,Bundle,NoPass
Mail,Bundle,NoPass
Mail,Bundle,NoPass
Mail,Bundle,NoPass
Mail,Bundle,NoPass
Mail,Bundle,NoPass
Mail,Bundle,NoPass
Mail,Bundle,NoPass
Mail,Bundle,NoPass
Mail,Bundle,NoPass
Mail,Bundle,NoPass
Mail,Bundle,NoPass
Mail,Bundle,NoPass
Mail,Bundle,NoPass
Mail,Bundle,NoPass
Mail,Bundle,NoPass
Mail,Bundle,NoPass
Mail,Bundle,NoPass
Mail,Bundle,NoPass
Mail,Bundle,NoPass
Mail,Bundle,NoPass
Mail,Bundle,NoPass
Mail,Bundle,NoPass
Mail,Bundle,NoPass
Mail,Bundle,NoPass
Mail,Bundle,NoPass
Mail,Bundle,NoPass
Mail,Bundle,NoPass
Mail,Bundle,NoPass
Mail,Bundle,NoPass
Mail,Bundle,NoPass
Mail,Bundle,NoPass
Mail,Bundle,NoPass
Mail,Bundle,NoPass
Mail,Bundle,NoPass
Mail,Bundle,NoPass
Mail,Bundle,NoPass
Mail,Bundle,NoPass
Mail,Bundle,NoPass
Mail,Bundle,NoPass
Mail,Bundle,NoPass
Mail,Bundle,NoPass
Mail,Bundle,NoPass
Mail,Bundle,NoPass
Mail,Bundle,NoPass
Mail,Bundle,NoPass
Mail,Bundle,NoPass
Mail,Bundle,NoPass
Mail,Bundle,NoPass
Mail,Bundle,NoPass
Mail,Bundle,NoPass
Mail,Bundle,NoPass
Mail,Bundle,NoPass
Mail,Bundle,NoPass
Mail,Bundle,NoPass
Mail,Bundle,NoPass
Mail,Bundle,NoPass
Mail,Bundle,NoPass
Mail,Bundle,NoPass
Mail,Bundle,NoPass
Mail,Bundle,NoPass
Mail,Bundle,NoPass
Mail,Bundle,NoPass
Mail,Bundle,NoPass
Mail,Bundle,NoPass
Mail,Bundle,NoPass
Mail,Bundle,NoPass
Mail,Bundle,NoPass
Mail,Bundle,NoPass
Mail,Bundle,NoPass
Mail,Bundle,NoPass
Mail,Bundle,NoPass
Mail,Bundle,NoPass
Mail,Bundle,NoPass
Mail,Bundle,NoPass
Mail,Bundle,NoPass
Mail,Bundle,NoPass
Mail,Bundle,NoPass
Mail,Bundle,NoPass
Mail,Bundle,NoPass
Mail,Bundle,NoPass
Mail,Bundle,NoPass
Mail,Bundle,NoPass
Mail,Bundle,NoPass
Mail,Bundle,NoPass
Mail,Bundle,NoPass
Mail,Bundle,NoPass
Mail,Bundle,NoPass
Mail,Bundle,NoPass
Mail,Bundle,NoPass
Mail,Bundle,NoPass
Mail,Bundle,NoPass
Mail,Bundle,NoPass
Mail,Bundle,NoPass
Mail,Bundle,NoPass
Mail,Bundle,NoPass
Mail,Bundle,NoPass
Mail,Bundle,NoPass
Mail,Bundle,NoPass
Mail,Bundle,NoPass
Mail,Bundle,NoPass
Mail,Bundle,NoPass
Mail,Bundle,NoPass
Mail,Bundle,NoPass
Mail,Bundle,NoPass
Mail,Bundle,NoPass
Mail,Bundle,NoPass
Mail,Bundle,NoPass
Mail,Bundle,NoPass
Mail,Bundle,NoPass
Mail,Bundle,NoPass
Mail,Bundle,NoPass
Mail,Bundle,NoPass
Mail,Bundle,NoPass
Mail,Bundle,NoPass
Mail,Bundle,NoPass
Mail,Bundle,NoPass
Mail,Bundle,NoPass
Mail,Bundle,NoPass
Mail,Bundle,NoPass
Mail,Bundle,NoPass
Mail,Bundle,NoPass
Mail,Bundle,NoPass
Mail,Bundle,NoPass
Mail,Bundle,NoPass
Mail,Bundle,NoPass
Mail,Bundle,NoPass
Mail,Bundle,NoPass
Mail,Bundle,NoPass
Mail,Bundle,NoPass
Mail,Bundle,NoPass
Mail,Bundle,NoPass
Mail,Bundle,NoPass
Mail,Bundle,NoPass
Mail,Bundle,NoPass
Mail,Bundle,NoPass
Mail,Bundle,NoPass
Mail,Bundle,NoPass
Mail,Bundle,NoPass
Mail,Bundle,NoPass
Mail,Bundle,NoPass
Mail,Bundle,NoPass
Mail,Bundle,NoPass
Mail,Bundle,NoPass
Mail,Bundle,NoPass
Mail,Bundle,NoPass
Mail,Bundle,NoPass
Mail,Bundle,NoPass
Mail,Bundle,NoPass
Mail,Bundle,NoPass
Mail,Bundle,NoPass
Mail,Bundle,NoPass
Mail,Bundle,NoPass
Mail,Bundle,NoPass
Mail,Bundle,NoPass
Mail,Bundle,NoPass
Mail,Bundle,NoPass
Mail,Bundle,NoPass
Mail,Bundle,NoPass
Mail,Bundle,NoPass
Mail,Bundle,NoPass
Mail,Bundle,NoPass
Mail,Bundle,NoPass
Mail,Bundle,NoPass
Mail,Bundle,NoPass
Mail,Bundle,NoPass
Mail,Bundle,NoPass
Mail,Bundle,NoPass
Mail,Bundle,NoPass
Mail,Bundle,NoPass
Mail,Bundle,NoPass
Mail,Bundle,NoPass
Mail,Bundle,NoPass
Mail,Bundle,NoPass
Mail,Bundle,NoPass
Mail,Bundle,NoPass
Mail,Bundle,NoPass
Mail,Bundle,NoPass
Mail,Bundle,NoPass
Mail,Bundle,NoPass
Mail,Bundle,NoPass
Mail,Bundle,NoPass
Mail,Bundle,NoPass
Mail,Bundle,NoPass
Mail,Bundle,NoPass
Mail,Bundle,NoPass
Mail,Bundle,NoPass
Mail,Bundle,NoPass
Mail,Bundle,NoPass
Mail,Bundle,NoPass
Mail,Bundle,NoPass
Mail,Bundle,NoPass
Mail,Bundle,NoPass
Mail,Bundle,NoPass
Mail,Bundle,NoPass
Mail,Bundle,NoPass
Mail,Bundle,NoPass
Mail,Bundle,NoPass
Mail,Bundle,NoPass
Mail,Bundle,NoPass
Mail,Bundle,NoPass
Mail,Bundle,NoPass
Mail,Bundle,NoPass
Mail,Bundle,NoPass
Mail,Bundle,NoPass
Mail,Bundle,NoPass
Mail,Bundle,NoPass
Mail,Bundle,NoPass
Mail,Bundle,NoPass
Mail,Bundle,NoPass
Mail,Bundle,NoPass
Mail,Bundle,NoPass
Mail,Bundle,NoPass
Mail,Bundle,NoPass
Mail,Bundle,NoPass
Mail,Bundle,NoPass
Mail,Bundle,NoPass
Mail,Bundle,NoPass
Mail,Bundle,NoPass
Mail,Bundle,NoPass
Mail,Bundle,NoPass
Mail,Bundle,NoPass
Mail,Bundle,NoPass
Mail,Bundle,NoPass
Mail,Bundle,NoPass
Mail,Bundle,NoPass
Mail,Bundle,NoPass
Mail,Bundle,NoPass
Mail,Bundle,NoPass
Mail,Bundle,NoPass
Mail,Bundle,NoPass
Mail,Bundle,NoPass
Mail,Bundle,NoPass
Mail,Bundle,NoPass
Mail,Bundle,NoPass
Mail,Bundle,NoPass
Mail,Bundle,NoPass
Mail,Bundle,NoPass
Mail,Bundle,NoPass
Mail,Bundle,NoPass
Mail,Bundle,NoPass
Mail,Bundle,NoPass
Mail,Bundle,NoPass
Mail,Bundle,NoPass
Mail,Bundle,NoPass
Mail,Bundle,NoPass
Mail,Bundle,NoPass
Mail,Bundle,NoPass
Mail,Bundle,NoPass
Mail,Bundle,NoPass
Mail,Bundle,NoPass
Mail,Bundle,NoPass
Mail,Bundle,NoPass
Mail,Bundle,NoPass
Mail,Bundle,NoPass
Mail,Bundle,NoPass
Mail,Bundle,NoPass
Mail,Bundle,NoPass
Mail,Bundle,NoPass
Mail,Bundle,NoPass
Mail,Bundle,NoPass
Mail,Bundle,NoPass
Mail,Bundle,NoPass
Mail,Bundle,NoPass
Mail,Bundle,NoPass
Mail,Bundle,NoPass
Mail,Bundle,NoPass
Mail,Bundle,NoPass
Mail,Bundle,NoPass
Mail,Bundle,NoPass
Mail,Bundle,NoPass
Mail,Bundle,NoPass
Mail,Bundle,NoPass
Mail,Bundle,NoPass
Mail,Bundle,NoPass
Mail,Bundle,NoPass
Mail,Bundle,NoPass
Mail,Bundle,NoPass
Mail,Bundle,NoPass
Mail,Bundle,NoPass
Mail,Bundle,NoPass
Mail,Bundle,NoPass
Mail,Bundle,NoPass
Mail,Bundle,NoPass
Mail,Bundle,NoPass
Mail,Bundle,NoPass
Mail,Bundle,NoPass
Mail,Bundle,NoPass
Mail,Bundle,NoPass
Mail,Bundle,NoPass
Mail,Bundle,NoPass
Mail,Bundle,NoPass
Mail,Bundle,NoPass
Mail,Bundle,NoPass
Mail,Bundle,NoPass
Mail,Bundle,NoPass
Mail,Bundle,NoPass
Mail,Bundle,NoPass
Mail,Bundle,NoPass
Mail,Bundle,NoPass
Mail,Bundle,NoPass
Mail,Bundle,NoPass
Mail,Bundle,NoPass
Mail,Bundle,NoPass
Mail,Bundle,NoPass
Mail,Bundle,NoPass
Mail,Bundle,NoPass
Mail,Bundle,NoPass
Mail,Bundle,NoPass
Mail,Bundle,NoPass
Mail,Bundle,NoPass
Mail,Bundle,NoPass
Mail,Bundle,NoPass
Mail,Bundle,NoPass
Mail,Bundle,NoPass
Mail,Bundle,NoPass
Mail,Bundle,NoPass
Mail,Bundle,NoPass
Mail,Bundle,NoPass
Park,Bundle,NoPass
Park,Bundle,NoPass
Park,Bundle,NoPass
Park,Bundle,NoPass
Park,Bundle,NoPass
Park,Bundle,NoPass
Park,Bundle,NoPass
Park,Bundle,NoPass
Park,Bundle,NoPass
Park,Bundle,NoPass
Park,Bundle,NoPass
Park,Bundle,NoPass
Park,Bundle,NoPass
Park,Bundle,NoPass
Park,Bundle,NoPass
Park,Bundle,NoPass
Park,Bundle,NoPass
Park,Bundle,NoPass
Park,Bundle,NoPass
Park,Bundle,NoPass
Park,Bundle,NoPass
Park,Bundle,NoPass
Park,Bundle,NoPass
Park,Bundle,NoPass
Park,Bundle,NoPass
Park,Bundle,NoPass
Park,Bundle,NoPass
Park,Bundle,NoPass
Park,Bundle,NoPass
Park,Bundle,NoPass
Park,Bundle,NoPass
Park,Bundle,NoPass
Park,Bundle,NoPass
Park,Bundle,NoPass
Park,Bundle,NoPass
Park,Bundle,NoPass
Park,Bundle,NoPass
Park,Bundle,NoPass
Park,Bundle,NoPass
Park,Bundle,NoPass
Park,Bundle,NoPass
Park,Bundle,NoPass
Park,Bundle,NoPass
Park,Bundle,NoPass
Park,Bundle,NoPass
Park,Bundle,NoPass
Park,Bundle,NoPass
Park,Bundle,NoPass
Park,Bundle,NoPass
Park,Bundle,NoPass
Park,Bundle,NoPass
Park,Bundle,NoPass
Park,Bundle,NoPass
Park,Bundle,NoPass
Park,Bundle,NoPass
Park,Bundle,NoPass
Park,Bundle,NoPass
Park,Bundle,NoPass
Park,Bundle,NoPass
Park,Bundle,NoPass
Park,Bundle,NoPass
Park,Bundle,NoPass
Park,Bundle,NoPass
Park,Bundle,NoPass
Park,Bundle,NoPass
Park,Bundle,NoPass
Park,Bundle,NoPass
Park,Bundle,NoPass
Park,Bundle,NoPass
Park,Bundle,NoPass
Park,Bundle,NoPass
Park,Bundle,NoPass
Park,Bundle,NoPass
Park,Bundle,NoPass
Park,Bundle,NoPass
Park,Bundle,NoPass
Park,Bundle,NoPass
Park,Bundle,NoPass
Park,Bundle,NoPass
Park,Bundle,NoPass
Park,Bundle,NoPass
Park,Bundle,NoPass
Park,Bundle,NoPass
Park,Bundle,NoPass
Park,Bundle,NoPass
Park,Bundle,NoPass
Park,Bundle,NoPass
Park,Bundle,NoPass
Park,Bundle,NoPass
Park,Bundle,NoPass
Park,Bundle,NoPass
Park,Bundle,NoPass
Park,Bundle,NoPass
Park,Bundle,NoPass
Park,Bundle,NoPass
Park,Bundle,NoPass
Park,Bundle,NoPass
Park,Bundle,NoPass
Park,Bundle,NoPass
Park,Bundle,NoPass
Park,Bundle,NoPass
Park,Bundle,NoPass
Park,Bundle,NoPass
Park,Bundle,NoPass
Park,Bundle,NoPass
Park,Bundle,NoPass
Park,Bundle,NoPass
Park,Bundle,NoPass
Park,Bundle,NoPass
Park,Bundle,NoPass
Park,Bundle,NoPass
Park,Bundle,NoPass
Park,Bundle,NoPass
Park,Bundle,NoPass
Park,Bundle,NoPass
Park,Bundle,NoPass
Park,Bundle,NoPass
Park,Bundle,NoPass
Park,Bundle,NoPass
Park,Bundle,NoPass
Park,Bundle,NoPass
Park,Bundle,NoPass
Park,Bundle,NoPass
Park,Bundle,NoPass
Park,Bundle,NoPass
Park,Bundle,NoPass
Park,Bundle,NoPass
Park,Bundle,NoPass
Park,Bundle,NoPass
Park,Bundle,NoPass
Park,Bundle,NoPass
Park,Bundle,NoPass
Park,Bundle,NoPass
Park,Bundle,NoPass
Park,Bundle,NoPass
Park,Bundle,NoPass
Park,Bundle,NoPass
Park,Bundle,NoPass
Park,Bundle,NoPass
Park,Bundle,NoPass
Park,Bundle,NoPass
Park,Bundle,NoPass
Park,Bundle,NoPass
Park,Bundle,NoPass
Park,Bundle,NoPass
Park,Bundle,NoPass
Park,Bundle,NoPass
Park,Bundle,NoPass
Park,Bundle,NoPass
Park,Bundle,NoPass
Park,Bundle,NoPass
Park,Bundle,NoPass
Park,Bundle,NoPass
Park,Bundle,NoPass
Park,Bundle,NoPass
Park,Bundle,NoPass
Park,Bundle,NoPass
Park,Bundle,NoPass
Park,Bundle,NoPass
Park,Bundle,NoPass
Park,Bundle,NoPass
Park,Bundle,NoPass
Park,Bundle,NoPass
Park,Bundle,NoPass
Park,Bundle,NoPass
Park,Bundle,NoPass
Park,Bundle,NoPass
Park,Bundle,NoPass
Park,Bundle,NoPass
Park,Bundle,NoPass
Park,Bundle,NoPass
Park,Bundle,NoPass
Park,Bundle,NoPass
Park,Bundle,NoPass
Park,Bundle,NoPass
Park,Bundle,NoPass
Park,Bundle,NoPass
Park,Bundle,NoPass
Park,Bundle,NoPass
Park,Bundle,NoPass
Park,Bundle,NoPass
Park,Bundle,NoPass
Park,Bundle,NoPass
Park,Bundle,NoPass
Park,Bundle,NoPass
Park,Bundle,NoPass
Park,Bundle,NoPass
Park,Bundle,NoPass
Park,Bundle,NoPass
Park,Bundle,NoPass
Park,Bundle,NoPass
Park,Bundle,NoPass
Park,Bundle,NoPass
Park,Bundle,NoPass
Park,Bundle,NoPass
Park,Bundle,NoPass
Park,Bundle,NoPass
Park,Bundle,NoPass
Park,Bundle,NoPass
Park,Bundle,NoPass
Park,Bundle,NoPass
Park,Bundle,NoPass
Park,Bundle,NoPass
Park,Bundle,NoPass
Park,Bundle,NoPass
Park,Bundle,NoPass
Park,Bundle,NoPass
Park,Bundle,NoPass
Park,Bundle,NoPass
Park,Bundle,NoPass
Park,Bundle,NoPass
Park,Bundle,NoPass
Park,Bundle,NoPass
Park,Bundle,NoPass
Park,Bundle,NoPass
Park,Bundle,NoPass
Park,Bundle,NoPass
Park,Bundle,NoPass
Park,Bundle,NoPass
Park,Bundle,NoPass
Park,Bundle,NoPass
Park,Bundle,NoPass
Park,Bundle,NoPass
Email,Bundle,NoPass
Email,Bundle,NoPass
Email,Bundle,NoPass
Email,Bundle,NoPass
Email,Bundle,NoPass
Email,Bundle,NoPass
Email,Bundle,NoPass
Email,Bundle,NoPass
Email,Bundle,NoPass
Email,Bundle,NoPass
Email,Bundle,NoPass
Email,Bundle,NoPass
Email,Bundle,NoPass
Email,Bundle,NoPass
Email,Bundle,NoPass
Email,Bundle,NoPass
Email,Bundle,NoPass
Email,Bundle,NoPass
Email,Bundle,NoPass
Email,Bundle,NoPass
Email,Bundle,NoPass
Email,Bundle,NoPass
Email,Bundle,NoPass
Email,Bundle,NoPass
Email,Bundle,NoPass
Email,Bundle,NoPass
Email,Bundle,NoPass
Email,Bundle,NoPass
Email,Bundle,NoPass
Email,Bundle,NoPass
Email,Bundle,NoPass
Email,Bundle,NoPass
Email,Bundle,NoPass
Email,Bundle,NoPass
Email,Bundle,NoPass
Email,Bundle,NoPass
Email,Bundle,NoPass
Email,Bundle,NoPass
Email,Bundle,NoPass
Email,Bundle,NoPass
Email,Bundle,NoPass
Email,Bundle,NoPass
Email,Bundle,NoPass
Email,Bundle,NoPass
Email,Bundle,NoPass
Email,Bundle,NoPass
Email,Bundle,NoPass
Email,Bundle,NoPass
Email,Bundle,NoPass
Email,Bundle,NoPass
Email,Bundle,NoPass
Email,Bundle,NoPass
Email,Bundle,NoPass
Email,Bundle,NoPass
Email,Bundle,NoPass
Email,Bundle,NoPass
Email,Bundle,NoPass
Email,Bundle,NoPass
Email,Bundle,NoPass
Email,Bundle,NoPass
Email,Bundle,NoPass
Email,Bundle,NoPass
Email,Bundle,NoPass
Email,Bundle,NoPass
Email,Bundle,NoPass
Email,Bundle,NoPass
Email,Bundle,NoPass
Email,Bundle,NoPass
Email,Bundle,NoPass
Email,Bundle,NoPass
Email,Bundle,NoPass
Email,Bundle,NoPass
Email,Bundle,NoPass
Email,Bundle,NoPass
Email,Bundle,NoPass
Email,Bundle,NoPass
Email,Bundle,NoPass
Email,Bundle,NoPass
Email,Bundle,NoPass
Email,Bundle,NoPass
Email,Bundle,NoPass
Email,Bundle,NoPass
Email,Bundle,NoPass
Mail,NoBundle,NoPass
Mail,NoBundle,NoPass
Mail,NoBundle,NoPass
Mail,NoBundle,NoPass
Mail,NoBundle,NoPass
Mail,NoBundle,NoPass
Mail,NoBundle,NoPass
Mail,NoBundle,NoPass
Mail,NoBundle,NoPass
Mail,NoBundle,NoPass
Mail,NoBundle,NoPass
Mail,NoBundle,NoPass
Mail,NoBundle,NoPass
Mail,NoBundle,NoPass
Mail,NoBundle,NoPass
Mail,NoBundle,NoPass
Mail,NoBundle,NoPass
Mail,NoBundle,NoPass
Mail,NoBundle,NoPass
Mail,NoBundle,NoPass
Mail,NoBundle,NoPass
Mail,NoBundle,NoPass
Mail,NoBundle,NoPass
Mail,NoBundle,NoPass
Mail,NoBundle,NoPass
Mail,NoBundle,NoPass
Mail,NoBundle,NoPass
Mail,NoBundle,NoPass
Mail,NoBundle,NoPass
Mail,NoBundle,NoPass
Mail,NoBundle,NoPass
Mail,NoBundle,NoPass
Mail,NoBundle,NoPass
Mail,NoBundle,NoPass
Mail,NoBundle,NoPass
Mail,NoBundle,NoPass
Mail,NoBundle,NoPass
Mail,NoBundle,NoPass
Mail,NoBundle,NoPass
Mail,NoBundle,NoPass
Mail,NoBundle,NoPass
Mail,NoBundle,NoPass
Mail,NoBundle,NoPass
Mail,NoBundle,NoPass
Mail,NoBundle,NoPass
Mail,NoBundle,NoPass
Mail,NoBundle,NoPass
Mail,NoBundle,NoPass
Mail,NoBundle,NoPass
Mail,NoBundle,NoPass
Mail,NoBundle,NoPass
Mail,NoBundle,NoPass
Mail,NoBundle,NoPass
Mail,NoBundle,NoPass
Mail,NoBundle,NoPass
Mail,NoBundle,NoPass
Mail,NoBundle,NoPass
Mail,NoBundle,NoPass
Mail,NoBundle,NoPass
Mail,NoBundle,NoPass
Mail,NoBundle,NoPass
Mail,NoBundle,NoPass
Mail,NoBundle,NoPass
Mail,NoBundle,NoPass
Mail,NoBundle,NoPass
Mail,NoBundle,NoPass
Mail,NoBundle,NoPass
Mail,NoBundle,NoPass
Mail,NoBundle,NoPass
Mail,NoBundle,NoPass
Mail,NoBundle,NoPass
Mail,NoBundle,NoPass
Mail,NoBundle,NoPass
Mail,NoBundle,NoPass
Mail,NoBundle,NoPass
Mail,NoBundle,NoPass
Mail,NoBundle,NoPass
Mail,NoBundle,NoPass
Mail,NoBundle,NoPass
Mail,NoBundle,NoPass
Mail,NoBundle,NoPass
Mail,NoBundle,NoPass
Mail,NoBundle,NoPass
Mail,NoBundle,NoPass
Mail,NoBundle,NoPass
Mail,NoBundle,NoPass
Mail,NoBundle,NoPass
Mail,NoBundle,NoPass
Mail,NoBundle,NoPass
Mail,NoBundle,NoPass
Mail,NoBundle,NoPass
Mail,NoBundle,NoPass
Mail,NoBundle,NoPass
Mail,NoBundle,NoPass
Mail,NoBundle,NoPass
Mail,NoBundle,NoPass
Mail,NoBundle,NoPass
Mail,NoBundle,NoPass
Mail,NoBundle,NoPass
Mail,NoBundle,NoPass
Mail,NoBundle,NoPass
Mail,NoBundle,NoPass
Mail,NoBundle,NoPass
Mail,NoBundle,NoPass
Mail,NoBundle,NoPass
Mail,NoBundle,NoPass
Mail,NoBundle,NoPass
Mail,NoBundle,NoPass
Mail,NoBundle,NoPass
Mail,NoBundle,NoPass
Mail,NoBundle,NoPass
Mail,NoBundle,NoPass
Mail,NoBundle,NoPass
Mail,NoBundle,NoPass
Mail,NoBundle,NoPass
Mail,NoBundle,NoPass
Mail,NoBundle,NoPass
Mail,NoBundle,NoPass
Mail,NoBundle,NoPass
Mail,NoBundle,NoPass
Mail,NoBundle,NoPass
Mail,NoBundle,NoPass
Mail,NoBundle,NoPass
Mail,NoBundle,NoPass
Mail,NoBundle,NoPass
Mail,NoBundle,NoPass
Mail,NoBundle,NoPass
Mail,NoBundle,NoPass
Mail,NoBundle,NoPass
Mail,NoBundle,NoPass
Mail,NoBundle,NoPass
Mail,NoBundle,NoPass
Mail,NoBundle,NoPass
Mail,NoBundle,NoPass
Mail,NoBundle,NoPass
Mail,NoBundle,NoPass
Mail,NoBundle,NoPass
Mail,NoBundle,NoPass
Mail,NoBundle,NoPass
Mail,NoBundle,NoPass
Mail,NoBundle,NoPass
Mail,NoBundle,NoPass
Mail,NoBundle,NoPass
Mail,NoBundle,NoPass
Mail,NoBundle,NoPass
Mail,NoBundle,NoPass
Mail,NoBundle,NoPass
Mail,NoBundle,NoPass
Mail,NoBundle,NoPass
Mail,NoBundle,NoPass
Mail,NoBundle,NoPass
Mail,NoBundle,NoPass
Mail,NoBundle,NoPass
Mail,NoBundle,NoPass
Mail,NoBundle,NoPass
Mail,NoBundle,NoPass
Mail,NoBundle,NoPass
Mail,NoBundle,NoPass
Mail,NoBundle,NoPass
Mail,NoBundle,NoPass
Mail,NoBundle,NoPass
Mail,NoBundle,NoPass
Mail,NoBundle,NoPass
Mail,NoBundle,NoPass
Mail,NoBundle,NoPass
Mail,NoBundle,NoPass
Mail,NoBundle,NoPass
Mail,NoBundle,NoPass
Mail,NoBundle,NoPass
Mail,NoBundle,NoPass
Mail,NoBundle,NoPass
Mail,NoBundle,NoPass
Mail,NoBundle,NoPass
Mail,NoBundle,NoPass
Mail,NoBundle,NoPass
Mail,NoBundle,NoPass
Mail,NoBundle,NoPass
Mail,NoBundle,NoPass
Mail,NoBundle,NoPass
Mail,NoBundle,NoPass
Mail,NoBundle,NoPass
Mail,NoBundle,NoPass
Mail,NoBundle,NoPass
Mail,NoBundle,NoPass
Mail,NoBundle,NoPass
Mail,NoBundle,NoPass
Mail,NoBundle,NoPass
Mail,NoBundle,NoPass
Mail,NoBundle,NoPass
Mail,NoBundle,NoPass
Mail,NoBundle,NoPass
Mail,NoBundle,NoPass
Mail,NoBundle,NoPass
Mail,NoBundle,NoPass
Mail,NoBundle,NoPass
Mail,NoBundle,NoPass
Mail,NoBundle,NoPass
Mail,NoBundle,NoPass
Mail,NoBundle,NoPass
Mail,NoBundle,NoPass
Mail,NoBundle,NoPass
Mail,NoBundle,NoPass
Mail,NoBundle,NoPass
Mail,NoBundle,NoPass
Mail,NoBundle,NoPass
Mail,NoBundle,NoPass
Mail,NoBundle,NoPass
Mail,NoBundle,NoPass
Mail,NoBundle,NoPass
Mail,NoBundle,NoPass
Mail,NoBundle,NoPass
Mail,NoBundle,NoPass
Mail,NoBundle,NoPass
Mail,NoBundle,NoPass
Mail,NoBundle,NoPass
Mail,NoBundle,NoPass
Mail,NoBundle,NoPass
Mail,NoBundle,NoPass
Mail,NoBundle,NoPass
Mail,NoBundle,NoPass
Mail,NoBundle,NoPass
Mail,NoBundle,NoPass
Mail,NoBundle,NoPass
Mail,NoBundle,NoPass
Mail,NoBundle,NoPass
Mail,NoBundle,NoPass
Mail,NoBundle,NoPass
Mail,NoBundle,NoPass
Mail,NoBundle,NoPass
Mail,NoBundle,NoPass
Mail,NoBundle,NoPass
Mail,NoBundle,NoPass
Mail,NoBundle,NoPass
Mail,NoBundle,NoPass
Mail,NoBundle,NoPass
Mail,NoBundle,NoPass
Mail,NoBundle,NoPass
Mail,NoBundle,NoPass
Mail,NoBundle,NoPass
Mail,NoBundle,NoPass
Mail,NoBundle,NoPass
Mail,NoBundle,NoPass
Mail,NoBundle,NoPass
Mail,NoBundle,NoPass
Mail,NoBundle,NoPass
Mail,NoBundle,NoPass
Mail,NoBundle,NoPass
Mail,NoBundle,NoPass
Mail,NoBundle,NoPass
Mail,NoBundle,NoPass
Mail,NoBundle,NoPass
Mail,NoBundle,NoPass
Mail,NoBundle,NoPass
Mail,NoBundle,NoPass
Mail,NoBundle,NoPass
Mail,NoBundle,NoPass
Mail,NoBundle,NoPass
Mail,NoBundle,NoPass
Mail,NoBundle,NoPass
Mail,NoBundle,NoPass
Mail,NoBundle,NoPass
Mail,NoBundle,NoPass
Mail,NoBundle,NoPass
Mail,NoBundle,NoPass
Mail,NoBundle,NoPass
Mail,NoBundle,NoPass
Mail,NoBundle,NoPass
Mail,NoBundle,NoPass
Mail,NoBundle,NoPass
Mail,NoBundle,NoPass
Mail,NoBundle,NoPass
Mail,NoBundle,NoPass
Mail,NoBundle,NoPass
Mail,NoBundle,NoPass
Mail,NoBundle,NoPass
Mail,NoBundle,NoPass
Mail,NoBundle,NoPass
Mail,NoBundle,NoPass
Park,NoBundle,NoPass
Park,NoBundle,NoPass
Park,NoBundle,NoPass
Park,NoBundle,NoPass
Park,NoBundle,NoPass
Park,NoBundle,NoPass
Park,NoBundle,NoPass
Park,NoBundle,NoPass
Park,NoBundle,NoPass
Park,NoBundle,NoPass
Park,NoBundle,NoPass
Park,NoBundle,NoPass
Park,NoBundle,NoPass
Park,NoBundle,NoPass
Park,NoBundle,NoPass
Park,NoBundle,NoPass
Park,NoBundle,NoPass
Park,NoBundle,NoPass
Park,NoBundle,NoPass
Park,NoBundle,NoPass
Park,NoBundle,NoPass
Park,NoBundle,NoPass
Park,NoBundle,NoPass
Park,NoBundle,NoPass
Park,NoBundle,NoPass
Park,NoBundle,NoPass
Park,NoBundle,NoPass
Park,NoBundle,NoPass
Park,NoBundle,NoPass
Park,NoBundle,NoPass
Park,NoBundle,NoPass
Park,NoBundle,NoPass
Park,NoBundle,NoPass
Park,NoBundle,NoPass
Park,NoBundle,NoPass
Park,NoBundle,NoPass
Park,NoBundle,NoPass
Park,NoBundle,NoPass
Park,NoBundle,NoPass
Park,NoBundle,NoPass
Park,NoBundle,NoPass
Park,NoBundle,NoPass
Park,NoBundle,NoPass
Park,NoBundle,NoPass
Park,NoBundle,NoPass
Park,NoBundle,NoPass
Park,NoBundle,NoPass
Park,NoBundle,NoPass
Park,NoBundle,NoPass
Email,NoBundle,NoPass
Email,NoBundle,NoPass
Email,NoBundle,NoPass
Email,NoBundle,NoPass
Email,NoBundle,NoPass
Email,NoBundle,NoPass
Email,NoBundle,NoPass
Email,NoBundle,NoPass
Email,NoBundle,NoPass
Email,NoBundle,NoPass
Email,NoBundle,NoPass
Email,NoBundle,NoPass
Email,NoBundle,NoPass
Email,NoBundle,NoPass
Email,NoBundle,NoPass
Email,NoBundle,NoPass
Email,NoBundle,NoPass
Email,NoBundle,NoPass
Email,NoBundle,NoPass
Email,NoBundle,NoPass
Email,NoBundle,NoPass
Email,NoBundle,NoPass
Email,NoBundle,NoPass
Email,NoBundle,NoPass
Email,NoBundle,NoPass
Email,NoBundle,NoPass
Email,NoBundle,NoPass
Email,NoBundle,NoPass
Email,NoBundle,NoPass
Email,NoBundle,NoPass
Email,NoBundle,NoPass
Email,NoBundle,NoPass
Email,NoBundle,NoPass
Email,NoBundle,NoPass
Email,NoBundle,NoPass
Email,NoBundle,NoPass
Email,NoBundle,NoPass
Email,NoBundle,NoPass
Email,NoBundle,NoPass
Email,NoBundle,NoPass
Email,NoBundle,NoPass
Email,NoBundle,NoPass
Email,NoBundle,NoPass
Email,NoBundle,NoPass
Email,NoBundle,NoPass
Email,NoBundle,NoPass
Email,NoBundle,NoPass
Email,NoBundle,NoPass
Email,NoBundle,NoPass
Email,NoBundle,NoPass
Email,NoBundle,NoPass
Email,NoBundle,NoPass
Email,NoBundle,NoPass
Email,NoBundle,NoPass
Email,NoBundle,NoPass
Email,NoBundle,NoPass
Email,NoBundle,NoPass
Email,NoBundle,NoPass
Email,NoBundle,NoPass
Email,NoBundle,NoPass
Email,NoBundle,NoPass
Email,NoBundle,NoPass
Email,NoBundle,NoPass
Email,NoBundle,NoPass
Email,NoBundle,NoPass
Email,NoBundle,NoPass
Email,NoBundle,NoPass
Email,NoBundle,NoPass
Email,NoBundle,NoPass
Email,NoBundle,NoPass
Email,NoBundle,NoPass
Email,NoBundle,NoPass
Email,NoBundle,NoPass
Email,NoBundle,NoPass
Email,NoBundle,NoPass
Email,NoBundle,NoPass
Email,NoBundle,NoPass
Email,NoBundle,NoPass
Email,NoBundle,NoPass
Email,NoBundle,NoPass
Email,NoBundle,NoPass
Email,NoBundle,NoPass
Email,NoBundle,NoPass
Email,NoBundle,NoPass
Email,NoBundle,NoPass
Email,NoBundle,NoPass
Email,NoBundle,NoPass
Email,NoBundle,NoPass
Email,NoBundle,NoPass
Email,NoBundle,NoPass
Email,NoBundle,NoPass
Email,NoBundle,NoPass
Email,NoBundle,NoPass
Email,NoBundle,NoPass
Email,NoBundle,NoPass
Email,NoBundle,NoPass
Email,NoBundle,NoPass
Email,NoBundle,NoPass
Email,NoBundle,NoPass
Email,NoBundle,NoPass
Email,NoBundle,NoPass
Email,NoBundle,NoPass
Email,NoBundle,NoPass
Email,NoBundle,NoPass
Email,NoBundle,NoPass
Email,NoBundle,NoPass
Email,NoBundle,NoPass
Email,NoBundle,NoPass
Email,NoBundle,NoPass
Email,NoBundle,NoPass
Email,NoBundle,NoPass
Email,NoBundle,NoPass
Email,NoBundle,NoPass
Email,NoBundle,NoPass
Email,NoBundle,NoPass
Email,NoBundle,NoPass
Email,NoBundle,NoPass
Email,NoBundle,NoPass
Email,NoBundle,NoPass
Email,NoBundle,NoPass
Email,NoBundle,NoPass
Email,NoBundle,NoPass
Email,NoBundle,NoPass
Email,NoBundle,NoPass
Email,NoBundle,NoPass
Email,NoBundle,NoPass
Email,NoBundle,NoPass
Email,NoBundle,NoPass
Email,NoBundle,NoPass
Email,NoBundle,NoPass
Email,NoBundle,NoPass
Email,NoBundle,NoPass
Email,NoBundle,NoPass
Email,NoBundle,NoPass
Email,NoBundle,NoPass
Email,NoBundle,NoPass
Email,NoBundle,NoPass
Email,NoBundle,NoPass
Email,NoBundle,NoPass
Email,NoBundle,NoPass
Email,NoBundle,NoPass
Email,NoBundle,NoPass
Email,NoBundle,NoPass
Email,NoBundle,NoPass
Email,NoBundle,NoPass
Email,NoBundle,NoPass
Email,NoBundle,NoPass
Email,NoBundle,NoPass
Email,NoBundle,NoPass
Email,NoBundle,NoPass
Email,NoBundle,NoPass
Email,NoBundle,NoPass
Email,NoBundle,NoPass
Email,NoBundle,NoPass
Email,NoBundle,NoPass
Email,NoBundle,NoPass
Email,NoBundle,NoPass
Email,NoBundle,NoPass
Email,NoBundle,NoPass
Email,NoBundle,NoPass
Email,NoBundle,NoPass
Email,NoBundle,NoPass
Email,NoBundle,NoPass
Email,NoBundle,NoPass
Email,NoBundle,NoPass
Email,NoBundle,NoPass
Email,NoBundle,NoPass
Email,NoBundle,NoPass
Email,NoBundle,NoPass
Email,NoBundle,NoPass
Email,NoBundle,NoPass
Email,NoBundle,NoPass
Email,NoBundle,NoPass
Email,NoBundle,NoPass
Email,NoBundle,NoPass
Email,NoBundle,NoPass
Email,NoBundle,NoPass
Email,NoBundle,NoPass
Email,NoBundle,NoPass
Email,NoBundle,NoPass
Email,NoBundle,NoPass
Email,NoBundle,NoPass
Email,NoBundle,NoPass
Email,NoBundle,NoPass
Email,NoBundle,NoPass
Email,NoBundle,NoPass
Email,NoBundle,NoPass
Email,NoBundle,NoPass
Email,NoBundle,NoPass
Email,NoBundle,NoPass
Email,NoBundle,NoPass
Email,NoBundle,NoPass
Email,NoBundle,NoPass
Email,NoBundle,NoPass
Email,NoBundle,NoPass
Email,NoBundle,NoPass
Email,NoBundle,NoPass
Email,NoBundle,NoPass
Email,NoBundle,NoPass
Email,NoBundle,NoPass
Email,NoBundle,NoPass
Email,NoBundle,NoPass
Email,NoBundle,NoPass
Email,NoBundle,NoPass
Email,NoBundle,NoPass
Email,NoBundle,NoPass
Email,NoBundle,NoPass
Email,NoBundle,NoPass
Email,NoBundle,NoPass
Email,NoBundle,NoPass
Email,NoBundle,NoPass
Email,NoBundle,NoPass
Email,NoBundle,NoPass
Email,NoBundle,NoPass
Email,NoBundle,NoPass
Email,NoBundle,NoPass
Email,NoBundle,NoPass
Email,NoBundle,NoPass
Email,NoBundle,NoPass
Email,NoBundle,NoPass
Email,NoBundle,NoPass
Email,NoBundle,NoPass
Email,NoBundle,NoPass
Email,NoBundle,NoPass
Email,NoBundle,NoPass
Email,NoBundle,NoPass
Email,NoBundle,NoPass
Email,NoBundle,NoPass
Email,NoBundle,NoPass
Email,NoBundle,NoPass
Email,NoBundle,NoPass
Email,NoBundle,NoPass
Email,NoBundle,NoPass
Email,NoBundle,NoPass
Email,NoBundle,NoPass
Email,NoBundle,NoPass
Email,NoBundle,NoPass
Email,NoBundle,NoPass
Email,NoBundle,NoPass
Email,NoBundle,NoPass
Email,NoBundle,NoPass
Email,NoBundle,NoPass
Email,NoBundle,NoPass
Email,NoBundle,NoPass
Email,NoBundle,NoPass
Email,NoBundle,NoPass
Email,NoBundle,NoPass
Email,NoBundle,NoPass
Email,NoBundle,NoPass
Email,NoBundle,NoPass
Email,NoBundle,NoPass
Email,NoBundle,NoPass
Email,NoBundle,NoPass
Email,NoBundle,NoPass
Email,NoBundle,NoPass
Email,NoBundle,NoPass
Email,NoBundle,NoPass
Email,NoBundle,NoPass
Email,NoBundle,NoPass
Email,NoBundle,NoPass
Email,NoBundle,NoPass
Email,NoBundle,NoPass
Email,NoBundle,NoPass
Email,NoBundle,NoPass
Email,NoBundle,NoPass
Email,NoBundle,NoPass
Email,NoBundle,NoPass
Email,NoBundle,NoPass
Email,NoBundle,NoPass
Email,NoBundle,NoPass
Email,NoBundle,NoPass
Email,NoBundle,NoPass
Email,NoBundle,NoPass
Email,NoBundle,NoPass
Email,NoBundle,NoPass
Email,NoBundle,NoPass
Email,NoBundle,NoPass
Email,NoBundle,NoPass
Email,NoBundle,NoPass
Email,NoBundle,NoPass
Email,NoBundle,NoPass
Email,NoBundle,NoPass
Email,NoBundle,NoPass
Email,NoBundle,NoPass
Email,NoBundle,NoPass
Email,NoBundle,NoPass
Email,NoBundle,NoPass
Email,NoBundle,NoPass
Email,NoBundle,NoPass
Email,NoBundle,NoPass
Email,NoBundle,NoPass
Email,NoBundle,NoPass
Email,NoBundle,NoPass
Email,NoBundle,NoPass
Email,NoBundle,NoPass
Email,NoBundle,NoPass
Email,NoBundle,NoPass
Email,NoBundle,NoPass
Email,NoBundle,NoPass
Email,NoBundle,NoPass
Email,NoBundle,NoPass
Email,NoBundle,NoPass
Email,NoBundle,NoPass
Email,NoBundle,NoPass
Email,NoBundle,NoPass
Email,NoBundle,NoPass
Email,NoBundle,NoPass
Email,NoBundle,NoPass
Email,NoBundle,NoPass
Email,NoBundle,NoPass
Email,NoBundle,NoPass
Email,NoBundle,NoPass
Email,NoBundle,NoPass
Email,NoBundle,NoPass
Email,NoBundle,NoPass
Email,NoBundle,NoPass
Email,NoBundle,NoPass
Email,NoBundle,NoPass
Email,NoBundle,NoPass
Email,NoBundle,NoPass
Email,NoBundle,NoPass
Email,NoBundle,NoPass
Email,NoBundle,NoPass
Email,NoBundle,NoPass
Email,NoBundle,NoPass
Email,NoBundle,NoPass
Email,NoBundle,NoPass
Email,NoBundle,NoPass
Email,NoBundle,NoPass
Email,NoBundle,NoPass
Email,NoBundle,NoPass
Email,NoBundle,NoPass
Email,NoBundle,NoPass
Email,NoBundle,NoPass
Email,NoBundle,NoPass
Email,NoBundle,NoPass
Email,NoBundle,NoPass
Email,NoBundle,NoPass
Email,NoBundle,NoPass
Email,NoBundle,NoPass
Email,NoBundle,NoPass
Email,NoBundle,NoPass
Email,NoBundle,NoPass
Email,NoBundle,NoPass
Email,NoBundle,NoPass
Email,NoBundle,NoPass
Email,NoBundle,NoPass
Email,NoBundle,NoPass
Email,NoBundle,NoPass
Email,NoBundle,NoPass
Email,NoBundle,NoPass
Email,NoBundle,NoPass
Email,NoBundle,NoPass
Email,NoBundle,NoPass
Email,NoBundle,NoPass
Email,NoBundle,NoPass
Email,NoBundle,NoPass
Email,NoBundle,NoPass
Email,NoBundle,NoPass
Email,NoBundle,NoPass
Email,NoBundle,NoPass
Email,NoBundle,NoPass
Email,NoBundle,NoPass
Email,NoBundle,NoPass
Email,NoBundle,NoPass
Email,NoBundle,NoPass
Email,NoBundle,NoPass
Email,NoBundle,NoPass
Email,NoBundle,NoPass
Email,NoBundle,NoPass
Email,NoBundle,NoPass
Email,NoBundle,NoPass
Email,NoBundle,NoPass
Email,NoBundle,NoPass
Email,NoBundle,NoPass
Email,NoBundle,NoPass
Email,NoBundle,NoPass
Email,NoBundle,NoPass
Email,NoBundle,NoPass
Email,NoBundle,NoPass
Email,NoBundle,NoPass
Email,NoBundle,NoPass
Email,NoBundle,NoPass
Email,NoBundle,NoPass
Email,NoBundle,NoPass
Email,NoBundle,NoPass
Email,NoBundle,NoPass
Email,NoBundle,NoPass
Email,NoBundle,NoPass
Email,NoBundle,NoPass
Email,NoBundle,NoPass
Email,NoBundle,NoPass
Email,NoBundle,NoPass
Email,NoBundle,NoPass
Email,NoBundle,NoPass
Email,NoBundle,NoPass
Email,NoBundle,NoPass
Email,NoBundle,NoPass
Email,NoBundle,NoPass
Email,NoBundle,NoPass
Email,NoBundle,NoPass
Email,NoBundle,NoPass
Email,NoBundle,NoPass
Email,NoBundle,NoPass
Email,NoBundle,NoPass
Email,NoBundle,NoPass
Email,NoBundle,NoPass
Email,NoBundle,NoPass
Email,NoBundle,NoPass
Email,NoBundle,NoPass
Email,NoBundle,NoPass
Email,NoBundle,NoPass
Email,NoBundle,NoPass
Email,NoBundle,NoPass
Email,NoBundle,NoPass
Email,NoBundle,NoPass
Email,NoBundle,NoPass
Email,NoBundle,NoPass
Email,NoBundle,NoPass
Email,NoBundle,NoPass
Email,NoBundle,NoPass
Email,NoBundle,NoPass
Email,NoBundle,NoPass
Email,NoBundle,NoPass
Email,NoBundle,NoPass
Email,NoBundle,NoPass
Email,NoBundle,NoPass
Email,NoBundle,NoPass
Email,NoBundle,NoPass
Email,NoBundle,NoPass
Email,NoBundle,NoPass
Email,NoBundle,NoPass
Email,NoBundle,NoPass
Email,NoBundle,NoPass
Email,NoBundle,NoPass
Email,NoBundle,NoPass
Email,NoBundle,NoPass
Email,NoBundle,NoPass
Email,NoBundle,NoPass
Email,NoBundle,NoPass
Email,NoBundle,NoPass
Email,NoBundle,NoPass
Email,NoBundle,NoPass
Email,NoBundle,NoPass
Email,NoBundle,NoPass
Email,NoBundle,NoPass
Email,NoBundle,NoPass
Email,NoBundle,NoPass
Email,NoBundle,NoPass
Email,NoBundle,NoPass
Email,NoBundle,NoPass
Email,NoBundle,NoPass
Email,NoBundle,NoPass
Email,NoBundle,NoPass
Email,NoBundle,NoPass
Email,NoBundle,NoPass
Email,NoBundle,NoPass
Email,NoBundle,NoPass
Email,NoBundle,NoPass
Email,NoBundle,NoPass
Email,NoBundle,NoPass
Email,NoBundle,NoPass
Email,NoBundle,NoPass
Email,NoBundle,NoPass
Email,NoBundle,NoPass
Email,NoBundle,NoPass
Email,NoBundle,NoPass
Email,NoBundle,NoPass
Email,NoBundle,NoPass
Email,NoBundle,NoPass
Email,NoBundle,NoPass
Email,NoBundle,NoPass
Email,NoBundle,NoPass
Email,NoBundle,NoPass
Email,NoBundle,NoPass
Email,NoBundle,NoPass
Email,NoBundle,NoPass
Email,NoBundle,NoPass
Email,NoBundle,NoPass
Email,NoBundle,NoPass
Email,NoBundle,NoPass
Email,NoBundle,NoPass
Email,NoBundle,NoPass
Email,NoBundle,NoPass
Email,NoBundle,NoPass
